ISO-10303-21;
HEADER;
/* Generated by software containing ST-Developer
 * from STEP Tools, Inc. (www.steptools.com) 
 */
/* OPTION: using custom renumber hook */

FILE_DESCRIPTION(
/* description */ ('STEP AP214'),
/* implementation_level */ '2;1');

FILE_NAME(
/* name */ 'IPL1-103-01-F-S-RA-K',
/* time_stamp */ '2025-09-12T22:07:24+02:00',
/* author */ ('License CC BY-ND 4.0'),
/* organization */ ('CADENAS'),
/* preprocessor_version */ 'ST-DEVELOPER v19.3',
/* originating_system */ 'PARTsolutions',
/* authorisation */ '  ');

FILE_SCHEMA (('AUTOMOTIVE_DESIGN {1 0 10303 214 3 1 1}'));
ENDSEC;

DATA;
#10=PROPERTY_DEFINITION_REPRESENTATION(#14,#12);
#11=PROPERTY_DEFINITION_REPRESENTATION(#15,#13);
#12=REPRESENTATION('',(#16),#4187);
#13=REPRESENTATION('',(#17),#4187);
#14=PROPERTY_DEFINITION('pmi validation property','',#4201);
#15=PROPERTY_DEFINITION('pmi validation property','',#4201);
#16=VALUE_REPRESENTATION_ITEM('number of annotations',COUNT_MEASURE(0.));
#17=VALUE_REPRESENTATION_ITEM('number of views',COUNT_MEASURE(0.));
#18=DRAUGHTING_PRE_DEFINED_COLOUR('yellow');
#19=CYLINDRICAL_SURFACE('',#2741,0.05);
#20=CYLINDRICAL_SURFACE('',#2743,0.05);
#21=CYLINDRICAL_SURFACE('',#2746,0.05);
#22=CYLINDRICAL_SURFACE('',#2763,0.025);
#23=CYLINDRICAL_SURFACE('',#2765,0.025);
#24=CYLINDRICAL_SURFACE('',#2768,0.025);
#25=CIRCLE('',#2736,0.05);
#26=CIRCLE('',#2737,0.025);
#27=CIRCLE('',#2739,0.025);
#28=CIRCLE('',#2740,0.05);
#29=CIRCLE('',#2742,0.05);
#30=CIRCLE('',#2744,0.05);
#31=CIRCLE('',#2745,0.05);
#32=CIRCLE('',#2747,0.05);
#33=CIRCLE('',#2764,0.025);
#34=CIRCLE('',#2766,0.025);
#35=CIRCLE('',#2767,0.025);
#36=CIRCLE('',#2769,0.025);
#37=CONTEXT_DEPENDENT_SHAPE_REPRESENTATION(#43,#4203);
#38=CONTEXT_DEPENDENT_SHAPE_REPRESENTATION(#44,#4205);
#39=CONTEXT_DEPENDENT_SHAPE_REPRESENTATION(#45,#4207);
#40=NEXT_ASSEMBLY_USAGE_OCCURRENCE('NAUO1','IPL1-103-01-S-RA-K_HDR',
'IPL1-103-01-S-RA-K_HDR',#4208,#4209,'');
#41=NEXT_ASSEMBLY_USAGE_OCCURRENCE('NAUO2','T-1S64-01-03-F-S-RA',
'T-1S64-01-03-F-S-RA',#4208,#4210,'');
#42=NEXT_ASSEMBLY_USAGE_OCCURRENCE('NAUO3','T-1S64-01-03-F-S-RA2',
'T-1S64-01-03-F-S-RA2',#4208,#4211,'');
#43=(
REPRESENTATION_RELATIONSHIP(' ',' ',#2651,#2650)
REPRESENTATION_RELATIONSHIP_WITH_TRANSFORMATION(#46)
SHAPE_REPRESENTATION_RELATIONSHIP()
);
#44=(
REPRESENTATION_RELATIONSHIP(' ',' ',#2652,#2650)
REPRESENTATION_RELATIONSHIP_WITH_TRANSFORMATION(#47)
SHAPE_REPRESENTATION_RELATIONSHIP()
);
#45=(
REPRESENTATION_RELATIONSHIP(' ',' ',#2653,#2650)
REPRESENTATION_RELATIONSHIP_WITH_TRANSFORMATION(#48)
SHAPE_REPRESENTATION_RELATIONSHIP()
);
#46=ITEM_DEFINED_TRANSFORMATION(' ',' ',#2654,#2732);
#47=ITEM_DEFINED_TRANSFORMATION(' ',' ',#2654,#2777);
#48=ITEM_DEFINED_TRANSFORMATION(' ',' ',#2654,#2798);
#49=SHAPE_REPRESENTATION_RELATIONSHIP('','',#2651,#52);
#50=SHAPE_REPRESENTATION_RELATIONSHIP('','',#2652,#53);
#51=SHAPE_REPRESENTATION_RELATIONSHIP('','',#2653,#54);
#52=ADVANCED_BREP_SHAPE_REPRESENTATION('',(#2643),#4188);
#53=ADVANCED_BREP_SHAPE_REPRESENTATION('',(#2644),#4189);
#54=ADVANCED_BREP_SHAPE_REPRESENTATION('',(#2645),#4190);
#55=ORIENTED_EDGE('',*,*,#787,.F.);
#56=ORIENTED_EDGE('',*,*,#788,.F.);
#57=ORIENTED_EDGE('',*,*,#789,.F.);
#58=ORIENTED_EDGE('',*,*,#790,.F.);
#59=ORIENTED_EDGE('',*,*,#791,.F.);
#60=ORIENTED_EDGE('',*,*,#792,.F.);
#61=ORIENTED_EDGE('',*,*,#793,.F.);
#62=ORIENTED_EDGE('',*,*,#794,.F.);
#63=ORIENTED_EDGE('',*,*,#795,.F.);
#64=ORIENTED_EDGE('',*,*,#796,.F.);
#65=ORIENTED_EDGE('',*,*,#797,.F.);
#66=ORIENTED_EDGE('',*,*,#798,.F.);
#67=ORIENTED_EDGE('',*,*,#799,.F.);
#68=ORIENTED_EDGE('',*,*,#800,.F.);
#69=ORIENTED_EDGE('',*,*,#801,.F.);
#70=ORIENTED_EDGE('',*,*,#802,.F.);
#71=ORIENTED_EDGE('',*,*,#803,.F.);
#72=ORIENTED_EDGE('',*,*,#804,.F.);
#73=ORIENTED_EDGE('',*,*,#805,.F.);
#74=ORIENTED_EDGE('',*,*,#806,.F.);
#75=ORIENTED_EDGE('',*,*,#807,.F.);
#76=ORIENTED_EDGE('',*,*,#808,.F.);
#77=ORIENTED_EDGE('',*,*,#809,.F.);
#78=ORIENTED_EDGE('',*,*,#810,.F.);
#79=ORIENTED_EDGE('',*,*,#811,.F.);
#80=ORIENTED_EDGE('',*,*,#812,.F.);
#81=ORIENTED_EDGE('',*,*,#813,.T.);
#82=ORIENTED_EDGE('',*,*,#814,.T.);
#83=ORIENTED_EDGE('',*,*,#815,.T.);
#84=ORIENTED_EDGE('',*,*,#816,.T.);
#85=ORIENTED_EDGE('',*,*,#817,.T.);
#86=ORIENTED_EDGE('',*,*,#818,.T.);
#87=ORIENTED_EDGE('',*,*,#819,.T.);
#88=ORIENTED_EDGE('',*,*,#820,.T.);
#89=ORIENTED_EDGE('',*,*,#821,.T.);
#90=ORIENTED_EDGE('',*,*,#822,.T.);
#91=ORIENTED_EDGE('',*,*,#823,.F.);
#92=ORIENTED_EDGE('',*,*,#824,.T.);
#93=ORIENTED_EDGE('',*,*,#825,.T.);
#94=ORIENTED_EDGE('',*,*,#826,.T.);
#95=ORIENTED_EDGE('',*,*,#827,.F.);
#96=ORIENTED_EDGE('',*,*,#828,.F.);
#97=ORIENTED_EDGE('',*,*,#829,.T.);
#98=ORIENTED_EDGE('',*,*,#830,.T.);
#99=ORIENTED_EDGE('',*,*,#831,.F.);
#100=ORIENTED_EDGE('',*,*,#832,.F.);
#101=ORIENTED_EDGE('',*,*,#833,.F.);
#102=ORIENTED_EDGE('',*,*,#834,.F.);
#103=ORIENTED_EDGE('',*,*,#835,.F.);
#104=ORIENTED_EDGE('',*,*,#836,.F.);
#105=ORIENTED_EDGE('',*,*,#837,.F.);
#106=ORIENTED_EDGE('',*,*,#838,.F.);
#107=ORIENTED_EDGE('',*,*,#839,.T.);
#108=ORIENTED_EDGE('',*,*,#840,.F.);
#109=ORIENTED_EDGE('',*,*,#841,.T.);
#110=ORIENTED_EDGE('',*,*,#842,.T.);
#111=ORIENTED_EDGE('',*,*,#843,.T.);
#112=ORIENTED_EDGE('',*,*,#844,.F.);
#113=ORIENTED_EDGE('',*,*,#845,.T.);
#114=ORIENTED_EDGE('',*,*,#846,.T.);
#115=ORIENTED_EDGE('',*,*,#847,.T.);
#116=ORIENTED_EDGE('',*,*,#848,.F.);
#117=ORIENTED_EDGE('',*,*,#849,.T.);
#118=ORIENTED_EDGE('',*,*,#850,.T.);
#119=ORIENTED_EDGE('',*,*,#851,.T.);
#120=ORIENTED_EDGE('',*,*,#852,.T.);
#121=ORIENTED_EDGE('',*,*,#853,.F.);
#122=ORIENTED_EDGE('',*,*,#854,.T.);
#123=ORIENTED_EDGE('',*,*,#855,.T.);
#124=ORIENTED_EDGE('',*,*,#856,.T.);
#125=ORIENTED_EDGE('',*,*,#857,.F.);
#126=ORIENTED_EDGE('',*,*,#858,.F.);
#127=ORIENTED_EDGE('',*,*,#859,.F.);
#128=ORIENTED_EDGE('',*,*,#860,.T.);
#129=ORIENTED_EDGE('',*,*,#861,.F.);
#130=ORIENTED_EDGE('',*,*,#862,.F.);
#131=ORIENTED_EDGE('',*,*,#863,.F.);
#132=ORIENTED_EDGE('',*,*,#864,.T.);
#133=ORIENTED_EDGE('',*,*,#865,.F.);
#134=ORIENTED_EDGE('',*,*,#866,.T.);
#135=ORIENTED_EDGE('',*,*,#867,.T.);
#136=ORIENTED_EDGE('',*,*,#868,.F.);
#137=ORIENTED_EDGE('',*,*,#869,.F.);
#138=ORIENTED_EDGE('',*,*,#870,.F.);
#139=ORIENTED_EDGE('',*,*,#871,.F.);
#140=ORIENTED_EDGE('',*,*,#872,.F.);
#141=ORIENTED_EDGE('',*,*,#873,.F.);
#142=ORIENTED_EDGE('',*,*,#874,.F.);
#143=ORIENTED_EDGE('',*,*,#808,.T.);
#144=ORIENTED_EDGE('',*,*,#875,.T.);
#145=ORIENTED_EDGE('',*,*,#874,.T.);
#146=ORIENTED_EDGE('',*,*,#876,.T.);
#147=ORIENTED_EDGE('',*,*,#838,.T.);
#148=ORIENTED_EDGE('',*,*,#877,.T.);
#149=ORIENTED_EDGE('',*,*,#832,.T.);
#150=ORIENTED_EDGE('',*,*,#878,.T.);
#151=ORIENTED_EDGE('',*,*,#879,.T.);
#152=ORIENTED_EDGE('',*,*,#880,.T.);
#153=ORIENTED_EDGE('',*,*,#812,.T.);
#154=ORIENTED_EDGE('',*,*,#881,.T.);
#155=ORIENTED_EDGE('',*,*,#870,.T.);
#156=ORIENTED_EDGE('',*,*,#882,.T.);
#157=ORIENTED_EDGE('',*,*,#883,.T.);
#158=ORIENTED_EDGE('',*,*,#884,.T.);
#159=ORIENTED_EDGE('',*,*,#789,.T.);
#160=ORIENTED_EDGE('',*,*,#885,.T.);
#161=ORIENTED_EDGE('',*,*,#886,.F.);
#162=ORIENTED_EDGE('',*,*,#887,.T.);
#163=ORIENTED_EDGE('',*,*,#888,.F.);
#164=ORIENTED_EDGE('',*,*,#889,.T.);
#165=ORIENTED_EDGE('',*,*,#787,.T.);
#166=ORIENTED_EDGE('',*,*,#890,.F.);
#167=ORIENTED_EDGE('',*,*,#891,.F.);
#168=ORIENTED_EDGE('',*,*,#892,.T.);
#169=ORIENTED_EDGE('',*,*,#803,.T.);
#170=ORIENTED_EDGE('',*,*,#893,.F.);
#171=ORIENTED_EDGE('',*,*,#805,.T.);
#172=ORIENTED_EDGE('',*,*,#894,.T.);
#173=ORIENTED_EDGE('',*,*,#895,.F.);
#174=ORIENTED_EDGE('',*,*,#896,.T.);
#175=ORIENTED_EDGE('',*,*,#831,.T.);
#176=ORIENTED_EDGE('',*,*,#897,.F.);
#177=ORIENTED_EDGE('',*,*,#898,.F.);
#178=ORIENTED_EDGE('',*,*,#878,.F.);
#179=ORIENTED_EDGE('',*,*,#821,.F.);
#180=ORIENTED_EDGE('',*,*,#899,.T.);
#181=ORIENTED_EDGE('',*,*,#900,.T.);
#182=ORIENTED_EDGE('',*,*,#901,.T.);
#183=ORIENTED_EDGE('',*,*,#857,.T.);
#184=ORIENTED_EDGE('',*,*,#902,.F.);
#185=ORIENTED_EDGE('',*,*,#817,.F.);
#186=ORIENTED_EDGE('',*,*,#903,.T.);
#187=ORIENTED_EDGE('',*,*,#865,.T.);
#188=ORIENTED_EDGE('',*,*,#904,.T.);
#189=ORIENTED_EDGE('',*,*,#905,.T.);
#190=ORIENTED_EDGE('',*,*,#906,.T.);
#191=ORIENTED_EDGE('',*,*,#861,.T.);
#192=ORIENTED_EDGE('',*,*,#907,.T.);
#193=ORIENTED_EDGE('',*,*,#908,.T.);
#194=ORIENTED_EDGE('',*,*,#909,.F.);
#195=ORIENTED_EDGE('',*,*,#910,.F.);
#196=ORIENTED_EDGE('',*,*,#823,.T.);
#197=ORIENTED_EDGE('',*,*,#911,.T.);
#198=ORIENTED_EDGE('',*,*,#912,.F.);
#199=ORIENTED_EDGE('',*,*,#913,.F.);
#200=ORIENTED_EDGE('',*,*,#914,.F.);
#201=ORIENTED_EDGE('',*,*,#915,.F.);
#202=ORIENTED_EDGE('',*,*,#916,.F.);
#203=ORIENTED_EDGE('',*,*,#917,.F.);
#204=ORIENTED_EDGE('',*,*,#918,.F.);
#205=ORIENTED_EDGE('',*,*,#919,.T.);
#206=ORIENTED_EDGE('',*,*,#920,.F.);
#207=ORIENTED_EDGE('',*,*,#921,.F.);
#208=ORIENTED_EDGE('',*,*,#916,.T.);
#209=ORIENTED_EDGE('',*,*,#922,.F.);
#210=ORIENTED_EDGE('',*,*,#847,.F.);
#211=ORIENTED_EDGE('',*,*,#923,.F.);
#212=ORIENTED_EDGE('',*,*,#843,.F.);
#213=ORIENTED_EDGE('',*,*,#924,.F.);
#214=ORIENTED_EDGE('',*,*,#920,.T.);
#215=ORIENTED_EDGE('',*,*,#925,.F.);
#216=ORIENTED_EDGE('',*,*,#859,.T.);
#217=ORIENTED_EDGE('',*,*,#926,.F.);
#218=ORIENTED_EDGE('',*,*,#927,.F.);
#219=ORIENTED_EDGE('',*,*,#928,.F.);
#220=ORIENTED_EDGE('',*,*,#929,.F.);
#221=ORIENTED_EDGE('',*,*,#930,.F.);
#222=ORIENTED_EDGE('',*,*,#863,.T.);
#223=ORIENTED_EDGE('',*,*,#931,.F.);
#224=ORIENTED_EDGE('',*,*,#927,.T.);
#225=ORIENTED_EDGE('',*,*,#932,.F.);
#226=ORIENTED_EDGE('',*,*,#908,.F.);
#227=ORIENTED_EDGE('',*,*,#933,.T.);
#228=ORIENTED_EDGE('',*,*,#905,.F.);
#229=ORIENTED_EDGE('',*,*,#934,.F.);
#230=ORIENTED_EDGE('',*,*,#929,.T.);
#231=ORIENTED_EDGE('',*,*,#935,.T.);
#232=ORIENTED_EDGE('',*,*,#813,.F.);
#233=ORIENTED_EDGE('',*,*,#884,.F.);
#234=ORIENTED_EDGE('',*,*,#936,.T.);
#235=ORIENTED_EDGE('',*,*,#937,.F.);
#236=ORIENTED_EDGE('',*,*,#938,.F.);
#237=ORIENTED_EDGE('',*,*,#879,.F.);
#238=ORIENTED_EDGE('',*,*,#898,.T.);
#239=ORIENTED_EDGE('',*,*,#939,.F.);
#240=ORIENTED_EDGE('',*,*,#839,.F.);
#241=ORIENTED_EDGE('',*,*,#880,.F.);
#242=ORIENTED_EDGE('',*,*,#938,.T.);
#243=ORIENTED_EDGE('',*,*,#940,.F.);
#244=ORIENTED_EDGE('',*,*,#941,.F.);
#245=ORIENTED_EDGE('',*,*,#882,.F.);
#246=ORIENTED_EDGE('',*,*,#869,.T.);
#247=ORIENTED_EDGE('',*,*,#942,.F.);
#248=ORIENTED_EDGE('',*,*,#936,.F.);
#249=ORIENTED_EDGE('',*,*,#883,.F.);
#250=ORIENTED_EDGE('',*,*,#941,.T.);
#251=ORIENTED_EDGE('',*,*,#943,.F.);
#252=ORIENTED_EDGE('',*,*,#912,.T.);
#253=ORIENTED_EDGE('',*,*,#944,.T.);
#254=ORIENTED_EDGE('',*,*,#945,.F.);
#255=ORIENTED_EDGE('',*,*,#946,.F.);
#256=ORIENTED_EDGE('',*,*,#945,.T.);
#257=ORIENTED_EDGE('',*,*,#947,.T.);
#258=ORIENTED_EDGE('',*,*,#851,.F.);
#259=ORIENTED_EDGE('',*,*,#948,.F.);
#260=ORIENTED_EDGE('',*,*,#853,.T.);
#261=ORIENTED_EDGE('',*,*,#949,.T.);
#262=ORIENTED_EDGE('',*,*,#950,.F.);
#263=ORIENTED_EDGE('',*,*,#951,.F.);
#264=ORIENTED_EDGE('',*,*,#950,.T.);
#265=ORIENTED_EDGE('',*,*,#952,.T.);
#266=ORIENTED_EDGE('',*,*,#900,.F.);
#267=ORIENTED_EDGE('',*,*,#822,.F.);
#268=ORIENTED_EDGE('',*,*,#901,.F.);
#269=ORIENTED_EDGE('',*,*,#952,.F.);
#270=ORIENTED_EDGE('',*,*,#949,.F.);
#271=ORIENTED_EDGE('',*,*,#852,.F.);
#272=ORIENTED_EDGE('',*,*,#947,.F.);
#273=ORIENTED_EDGE('',*,*,#944,.F.);
#274=ORIENTED_EDGE('',*,*,#911,.F.);
#275=ORIENTED_EDGE('',*,*,#951,.T.);
#276=ORIENTED_EDGE('',*,*,#899,.F.);
#277=ORIENTED_EDGE('',*,*,#820,.F.);
#278=ORIENTED_EDGE('',*,*,#953,.T.);
#279=ORIENTED_EDGE('',*,*,#854,.F.);
#280=ORIENTED_EDGE('',*,*,#948,.T.);
#281=ORIENTED_EDGE('',*,*,#926,.T.);
#282=ORIENTED_EDGE('',*,*,#858,.T.);
#283=ORIENTED_EDGE('',*,*,#909,.T.);
#284=ORIENTED_EDGE('',*,*,#932,.T.);
#285=ORIENTED_EDGE('',*,*,#850,.F.);
#286=ORIENTED_EDGE('',*,*,#954,.F.);
#287=ORIENTED_EDGE('',*,*,#824,.F.);
#288=ORIENTED_EDGE('',*,*,#910,.T.);
#289=ORIENTED_EDGE('',*,*,#943,.T.);
#290=ORIENTED_EDGE('',*,*,#946,.T.);
#291=ORIENTED_EDGE('',*,*,#955,.F.);
#292=ORIENTED_EDGE('',*,*,#848,.T.);
#293=ORIENTED_EDGE('',*,*,#922,.T.);
#294=ORIENTED_EDGE('',*,*,#915,.T.);
#295=ORIENTED_EDGE('',*,*,#930,.T.);
#296=ORIENTED_EDGE('',*,*,#934,.T.);
#297=ORIENTED_EDGE('',*,*,#904,.F.);
#298=ORIENTED_EDGE('',*,*,#864,.F.);
#299=ORIENTED_EDGE('',*,*,#868,.T.);
#300=ORIENTED_EDGE('',*,*,#956,.F.);
#301=ORIENTED_EDGE('',*,*,#814,.F.);
#302=ORIENTED_EDGE('',*,*,#935,.F.);
#303=ORIENTED_EDGE('',*,*,#942,.T.);
#304=ORIENTED_EDGE('',*,*,#940,.T.);
#305=ORIENTED_EDGE('',*,*,#957,.F.);
#306=ORIENTED_EDGE('',*,*,#917,.T.);
#307=ORIENTED_EDGE('',*,*,#924,.T.);
#308=ORIENTED_EDGE('',*,*,#842,.F.);
#309=ORIENTED_EDGE('',*,*,#937,.T.);
#310=ORIENTED_EDGE('',*,*,#897,.T.);
#311=ORIENTED_EDGE('',*,*,#830,.F.);
#312=ORIENTED_EDGE('',*,*,#958,.T.);
#313=ORIENTED_EDGE('',*,*,#840,.T.);
#314=ORIENTED_EDGE('',*,*,#939,.T.);
#315=ORIENTED_EDGE('',*,*,#925,.T.);
#316=ORIENTED_EDGE('',*,*,#931,.T.);
#317=ORIENTED_EDGE('',*,*,#907,.F.);
#318=ORIENTED_EDGE('',*,*,#860,.F.);
#319=ORIENTED_EDGE('',*,*,#928,.T.);
#320=ORIENTED_EDGE('',*,*,#862,.T.);
#321=ORIENTED_EDGE('',*,*,#906,.F.);
#322=ORIENTED_EDGE('',*,*,#933,.F.);
#323=ORIENTED_EDGE('',*,*,#959,.F.);
#324=ORIENTED_EDGE('',*,*,#913,.T.);
#325=ORIENTED_EDGE('',*,*,#921,.T.);
#326=ORIENTED_EDGE('',*,*,#846,.F.);
#327=ORIENTED_EDGE('',*,*,#960,.F.);
#328=ORIENTED_EDGE('',*,*,#844,.T.);
#329=ORIENTED_EDGE('',*,*,#923,.T.);
#330=ORIENTED_EDGE('',*,*,#919,.F.);
#331=ORIENTED_EDGE('',*,*,#802,.T.);
#332=ORIENTED_EDGE('',*,*,#961,.F.);
#333=ORIENTED_EDGE('',*,*,#962,.F.);
#334=ORIENTED_EDGE('',*,*,#893,.T.);
#335=ORIENTED_EDGE('',*,*,#801,.T.);
#336=ORIENTED_EDGE('',*,*,#963,.F.);
#337=ORIENTED_EDGE('',*,*,#964,.F.);
#338=ORIENTED_EDGE('',*,*,#961,.T.);
#339=ORIENTED_EDGE('',*,*,#800,.T.);
#340=ORIENTED_EDGE('',*,*,#965,.F.);
#341=ORIENTED_EDGE('',*,*,#966,.F.);
#342=ORIENTED_EDGE('',*,*,#963,.T.);
#343=ORIENTED_EDGE('',*,*,#799,.T.);
#344=ORIENTED_EDGE('',*,*,#967,.T.);
#345=ORIENTED_EDGE('',*,*,#968,.F.);
#346=ORIENTED_EDGE('',*,*,#965,.T.);
#347=ORIENTED_EDGE('',*,*,#969,.T.);
#348=ORIENTED_EDGE('',*,*,#888,.T.);
#349=ORIENTED_EDGE('',*,*,#970,.T.);
#350=ORIENTED_EDGE('',*,*,#895,.T.);
#351=ORIENTED_EDGE('',*,*,#971,.T.);
#352=ORIENTED_EDGE('',*,*,#891,.T.);
#353=ORIENTED_EDGE('',*,*,#962,.T.);
#354=ORIENTED_EDGE('',*,*,#964,.T.);
#355=ORIENTED_EDGE('',*,*,#966,.T.);
#356=ORIENTED_EDGE('',*,*,#968,.T.);
#357=ORIENTED_EDGE('',*,*,#972,.T.);
#358=ORIENTED_EDGE('',*,*,#973,.T.);
#359=ORIENTED_EDGE('',*,*,#974,.T.);
#360=ORIENTED_EDGE('',*,*,#975,.T.);
#361=ORIENTED_EDGE('',*,*,#976,.T.);
#362=ORIENTED_EDGE('',*,*,#977,.T.);
#363=ORIENTED_EDGE('',*,*,#978,.T.);
#364=ORIENTED_EDGE('',*,*,#979,.T.);
#365=ORIENTED_EDGE('',*,*,#980,.T.);
#366=ORIENTED_EDGE('',*,*,#886,.T.);
#367=ORIENTED_EDGE('',*,*,#790,.T.);
#368=ORIENTED_EDGE('',*,*,#887,.F.);
#369=ORIENTED_EDGE('',*,*,#980,.F.);
#370=ORIENTED_EDGE('',*,*,#981,.T.);
#371=ORIENTED_EDGE('',*,*,#977,.F.);
#372=ORIENTED_EDGE('',*,*,#982,.T.);
#373=ORIENTED_EDGE('',*,*,#793,.T.);
#374=ORIENTED_EDGE('',*,*,#983,.F.);
#375=ORIENTED_EDGE('',*,*,#792,.T.);
#376=ORIENTED_EDGE('',*,*,#984,.F.);
#377=ORIENTED_EDGE('',*,*,#978,.F.);
#378=ORIENTED_EDGE('',*,*,#983,.T.);
#379=ORIENTED_EDGE('',*,*,#791,.T.);
#380=ORIENTED_EDGE('',*,*,#981,.F.);
#381=ORIENTED_EDGE('',*,*,#979,.F.);
#382=ORIENTED_EDGE('',*,*,#984,.T.);
#383=ORIENTED_EDGE('',*,*,#806,.T.);
#384=ORIENTED_EDGE('',*,*,#896,.F.);
#385=ORIENTED_EDGE('',*,*,#970,.F.);
#386=ORIENTED_EDGE('',*,*,#890,.T.);
#387=ORIENTED_EDGE('',*,*,#973,.F.);
#388=ORIENTED_EDGE('',*,*,#985,.T.);
#389=ORIENTED_EDGE('',*,*,#797,.T.);
#390=ORIENTED_EDGE('',*,*,#986,.F.);
#391=ORIENTED_EDGE('',*,*,#796,.T.);
#392=ORIENTED_EDGE('',*,*,#987,.F.);
#393=ORIENTED_EDGE('',*,*,#974,.F.);
#394=ORIENTED_EDGE('',*,*,#986,.T.);
#395=ORIENTED_EDGE('',*,*,#795,.T.);
#396=ORIENTED_EDGE('',*,*,#988,.T.);
#397=ORIENTED_EDGE('',*,*,#975,.F.);
#398=ORIENTED_EDGE('',*,*,#987,.T.);
#399=ORIENTED_EDGE('',*,*,#829,.F.);
#400=ORIENTED_EDGE('',*,*,#989,.F.);
#401=ORIENTED_EDGE('',*,*,#990,.T.);
#402=ORIENTED_EDGE('',*,*,#991,.T.);
#403=ORIENTED_EDGE('',*,*,#825,.F.);
#404=ORIENTED_EDGE('',*,*,#954,.T.);
#405=ORIENTED_EDGE('',*,*,#849,.F.);
#406=ORIENTED_EDGE('',*,*,#955,.T.);
#407=ORIENTED_EDGE('',*,*,#914,.T.);
#408=ORIENTED_EDGE('',*,*,#959,.T.);
#409=ORIENTED_EDGE('',*,*,#845,.F.);
#410=ORIENTED_EDGE('',*,*,#960,.T.);
#411=ORIENTED_EDGE('',*,*,#918,.T.);
#412=ORIENTED_EDGE('',*,*,#957,.T.);
#413=ORIENTED_EDGE('',*,*,#841,.F.);
#414=ORIENTED_EDGE('',*,*,#958,.F.);
#415=ORIENTED_EDGE('',*,*,#992,.F.);
#416=ORIENTED_EDGE('',*,*,#815,.F.);
#417=ORIENTED_EDGE('',*,*,#956,.T.);
#418=ORIENTED_EDGE('',*,*,#867,.F.);
#419=ORIENTED_EDGE('',*,*,#903,.F.);
#420=ORIENTED_EDGE('',*,*,#816,.F.);
#421=ORIENTED_EDGE('',*,*,#992,.T.);
#422=ORIENTED_EDGE('',*,*,#866,.F.);
#423=ORIENTED_EDGE('',*,*,#993,.F.);
#424=ORIENTED_EDGE('',*,*,#818,.F.);
#425=ORIENTED_EDGE('',*,*,#902,.T.);
#426=ORIENTED_EDGE('',*,*,#856,.F.);
#427=ORIENTED_EDGE('',*,*,#953,.F.);
#428=ORIENTED_EDGE('',*,*,#819,.F.);
#429=ORIENTED_EDGE('',*,*,#993,.T.);
#430=ORIENTED_EDGE('',*,*,#855,.F.);
#431=ORIENTED_EDGE('',*,*,#994,.T.);
#432=ORIENTED_EDGE('',*,*,#995,.F.);
#433=ORIENTED_EDGE('',*,*,#996,.F.);
#434=ORIENTED_EDGE('',*,*,#827,.T.);
#435=ORIENTED_EDGE('',*,*,#997,.T.);
#436=ORIENTED_EDGE('',*,*,#998,.F.);
#437=ORIENTED_EDGE('',*,*,#999,.F.);
#438=ORIENTED_EDGE('',*,*,#995,.T.);
#439=ORIENTED_EDGE('',*,*,#1000,.T.);
#440=ORIENTED_EDGE('',*,*,#1001,.F.);
#441=ORIENTED_EDGE('',*,*,#1002,.F.);
#442=ORIENTED_EDGE('',*,*,#998,.T.);
#443=ORIENTED_EDGE('',*,*,#1003,.T.);
#444=ORIENTED_EDGE('',*,*,#990,.F.);
#445=ORIENTED_EDGE('',*,*,#1004,.F.);
#446=ORIENTED_EDGE('',*,*,#1001,.T.);
#447=ORIENTED_EDGE('',*,*,#996,.T.);
#448=ORIENTED_EDGE('',*,*,#999,.T.);
#449=ORIENTED_EDGE('',*,*,#1002,.T.);
#450=ORIENTED_EDGE('',*,*,#1004,.T.);
#451=ORIENTED_EDGE('',*,*,#989,.T.);
#452=ORIENTED_EDGE('',*,*,#828,.T.);
#453=ORIENTED_EDGE('',*,*,#994,.F.);
#454=ORIENTED_EDGE('',*,*,#826,.F.);
#455=ORIENTED_EDGE('',*,*,#991,.F.);
#456=ORIENTED_EDGE('',*,*,#1003,.F.);
#457=ORIENTED_EDGE('',*,*,#1000,.F.);
#458=ORIENTED_EDGE('',*,*,#997,.F.);
#459=ORIENTED_EDGE('',*,*,#971,.F.);
#460=ORIENTED_EDGE('',*,*,#894,.F.);
#461=ORIENTED_EDGE('',*,*,#804,.T.);
#462=ORIENTED_EDGE('',*,*,#892,.F.);
#463=ORIENTED_EDGE('',*,*,#798,.T.);
#464=ORIENTED_EDGE('',*,*,#985,.F.);
#465=ORIENTED_EDGE('',*,*,#972,.F.);
#466=ORIENTED_EDGE('',*,*,#967,.F.);
#467=ORIENTED_EDGE('',*,*,#788,.T.);
#468=ORIENTED_EDGE('',*,*,#889,.F.);
#469=ORIENTED_EDGE('',*,*,#969,.F.);
#470=ORIENTED_EDGE('',*,*,#885,.F.);
#471=ORIENTED_EDGE('',*,*,#976,.F.);
#472=ORIENTED_EDGE('',*,*,#988,.F.);
#473=ORIENTED_EDGE('',*,*,#794,.T.);
#474=ORIENTED_EDGE('',*,*,#982,.F.);
#475=ORIENTED_EDGE('',*,*,#871,.T.);
#476=ORIENTED_EDGE('',*,*,#881,.F.);
#477=ORIENTED_EDGE('',*,*,#811,.T.);
#478=ORIENTED_EDGE('',*,*,#1005,.T.);
#479=ORIENTED_EDGE('',*,*,#873,.T.);
#480=ORIENTED_EDGE('',*,*,#1006,.F.);
#481=ORIENTED_EDGE('',*,*,#809,.T.);
#482=ORIENTED_EDGE('',*,*,#876,.F.);
#483=ORIENTED_EDGE('',*,*,#872,.T.);
#484=ORIENTED_EDGE('',*,*,#1005,.F.);
#485=ORIENTED_EDGE('',*,*,#810,.T.);
#486=ORIENTED_EDGE('',*,*,#1006,.T.);
#487=ORIENTED_EDGE('',*,*,#836,.T.);
#488=ORIENTED_EDGE('',*,*,#1007,.F.);
#489=ORIENTED_EDGE('',*,*,#834,.T.);
#490=ORIENTED_EDGE('',*,*,#1008,.T.);
#491=ORIENTED_EDGE('',*,*,#835,.T.);
#492=ORIENTED_EDGE('',*,*,#875,.F.);
#493=ORIENTED_EDGE('',*,*,#807,.T.);
#494=ORIENTED_EDGE('',*,*,#1007,.T.);
#495=ORIENTED_EDGE('',*,*,#837,.T.);
#496=ORIENTED_EDGE('',*,*,#1008,.F.);
#497=ORIENTED_EDGE('',*,*,#833,.T.);
#498=ORIENTED_EDGE('',*,*,#877,.F.);
#499=ORIENTED_EDGE('',*,*,#1009,.F.);
#500=ORIENTED_EDGE('',*,*,#1010,.T.);
#501=ORIENTED_EDGE('',*,*,#1011,.F.);
#502=ORIENTED_EDGE('',*,*,#1012,.F.);
#503=ORIENTED_EDGE('',*,*,#1013,.F.);
#504=ORIENTED_EDGE('',*,*,#1014,.F.);
#505=ORIENTED_EDGE('',*,*,#1015,.F.);
#506=ORIENTED_EDGE('',*,*,#1016,.F.);
#507=ORIENTED_EDGE('',*,*,#1017,.F.);
#508=ORIENTED_EDGE('',*,*,#1018,.F.);
#509=ORIENTED_EDGE('',*,*,#1019,.F.);
#510=ORIENTED_EDGE('',*,*,#1020,.F.);
#511=ORIENTED_EDGE('',*,*,#1021,.F.);
#512=ORIENTED_EDGE('',*,*,#1022,.F.);
#513=ORIENTED_EDGE('',*,*,#1023,.T.);
#514=ORIENTED_EDGE('',*,*,#1024,.F.);
#515=ORIENTED_EDGE('',*,*,#1025,.F.);
#516=ORIENTED_EDGE('',*,*,#1026,.F.);
#517=ORIENTED_EDGE('',*,*,#1027,.T.);
#518=ORIENTED_EDGE('',*,*,#1028,.F.);
#519=ORIENTED_EDGE('',*,*,#1029,.F.);
#520=ORIENTED_EDGE('',*,*,#1030,.F.);
#521=ORIENTED_EDGE('',*,*,#1031,.T.);
#522=ORIENTED_EDGE('',*,*,#1032,.T.);
#523=ORIENTED_EDGE('',*,*,#1022,.T.);
#524=ORIENTED_EDGE('',*,*,#1033,.T.);
#525=ORIENTED_EDGE('',*,*,#1020,.T.);
#526=ORIENTED_EDGE('',*,*,#1034,.T.);
#527=ORIENTED_EDGE('',*,*,#1035,.T.);
#528=ORIENTED_EDGE('',*,*,#1036,.T.);
#529=ORIENTED_EDGE('',*,*,#1037,.T.);
#530=ORIENTED_EDGE('',*,*,#1038,.T.);
#531=ORIENTED_EDGE('',*,*,#1039,.T.);
#532=ORIENTED_EDGE('',*,*,#1040,.F.);
#533=ORIENTED_EDGE('',*,*,#1041,.F.);
#534=ORIENTED_EDGE('',*,*,#1032,.F.);
#535=ORIENTED_EDGE('',*,*,#1042,.T.);
#536=ORIENTED_EDGE('',*,*,#1043,.F.);
#537=ORIENTED_EDGE('',*,*,#1044,.F.);
#538=ORIENTED_EDGE('',*,*,#1045,.F.);
#539=ORIENTED_EDGE('',*,*,#1046,.F.);
#540=ORIENTED_EDGE('',*,*,#1047,.F.);
#541=ORIENTED_EDGE('',*,*,#1048,.F.);
#542=ORIENTED_EDGE('',*,*,#1010,.F.);
#543=ORIENTED_EDGE('',*,*,#1049,.F.);
#544=ORIENTED_EDGE('',*,*,#1050,.F.);
#545=ORIENTED_EDGE('',*,*,#1034,.F.);
#546=ORIENTED_EDGE('',*,*,#1019,.T.);
#547=ORIENTED_EDGE('',*,*,#1051,.F.);
#548=ORIENTED_EDGE('',*,*,#1015,.T.);
#549=ORIENTED_EDGE('',*,*,#1052,.F.);
#550=ORIENTED_EDGE('',*,*,#1053,.F.);
#551=ORIENTED_EDGE('',*,*,#1054,.F.);
#552=ORIENTED_EDGE('',*,*,#1011,.T.);
#553=ORIENTED_EDGE('',*,*,#1048,.T.);
#554=ORIENTED_EDGE('',*,*,#1055,.F.);
#555=ORIENTED_EDGE('',*,*,#1056,.F.);
#556=ORIENTED_EDGE('',*,*,#1057,.F.);
#557=ORIENTED_EDGE('',*,*,#1035,.F.);
#558=ORIENTED_EDGE('',*,*,#1050,.T.);
#559=ORIENTED_EDGE('',*,*,#1058,.F.);
#560=ORIENTED_EDGE('',*,*,#1053,.T.);
#561=ORIENTED_EDGE('',*,*,#1059,.F.);
#562=ORIENTED_EDGE('',*,*,#1060,.F.);
#563=ORIENTED_EDGE('',*,*,#1061,.F.);
#564=ORIENTED_EDGE('',*,*,#1055,.T.);
#565=ORIENTED_EDGE('',*,*,#1047,.T.);
#566=ORIENTED_EDGE('',*,*,#1062,.F.);
#567=ORIENTED_EDGE('',*,*,#1063,.F.);
#568=ORIENTED_EDGE('',*,*,#1064,.F.);
#569=ORIENTED_EDGE('',*,*,#1036,.F.);
#570=ORIENTED_EDGE('',*,*,#1057,.T.);
#571=ORIENTED_EDGE('',*,*,#1065,.F.);
#572=ORIENTED_EDGE('',*,*,#1060,.T.);
#573=ORIENTED_EDGE('',*,*,#1066,.F.);
#574=ORIENTED_EDGE('',*,*,#1067,.F.);
#575=ORIENTED_EDGE('',*,*,#1068,.F.);
#576=ORIENTED_EDGE('',*,*,#1062,.T.);
#577=ORIENTED_EDGE('',*,*,#1046,.T.);
#578=ORIENTED_EDGE('',*,*,#1069,.F.);
#579=ORIENTED_EDGE('',*,*,#1070,.T.);
#580=ORIENTED_EDGE('',*,*,#1071,.F.);
#581=ORIENTED_EDGE('',*,*,#1037,.F.);
#582=ORIENTED_EDGE('',*,*,#1064,.T.);
#583=ORIENTED_EDGE('',*,*,#1072,.T.);
#584=ORIENTED_EDGE('',*,*,#1067,.T.);
#585=ORIENTED_EDGE('',*,*,#1073,.T.);
#586=ORIENTED_EDGE('',*,*,#1074,.F.);
#587=ORIENTED_EDGE('',*,*,#1075,.T.);
#588=ORIENTED_EDGE('',*,*,#1069,.T.);
#589=ORIENTED_EDGE('',*,*,#1045,.T.);
#590=ORIENTED_EDGE('',*,*,#1076,.F.);
#591=ORIENTED_EDGE('',*,*,#1077,.F.);
#592=ORIENTED_EDGE('',*,*,#1078,.F.);
#593=ORIENTED_EDGE('',*,*,#1038,.F.);
#594=ORIENTED_EDGE('',*,*,#1071,.T.);
#595=ORIENTED_EDGE('',*,*,#1079,.F.);
#596=ORIENTED_EDGE('',*,*,#1074,.T.);
#597=ORIENTED_EDGE('',*,*,#1080,.F.);
#598=ORIENTED_EDGE('',*,*,#1081,.F.);
#599=ORIENTED_EDGE('',*,*,#1082,.F.);
#600=ORIENTED_EDGE('',*,*,#1076,.T.);
#601=ORIENTED_EDGE('',*,*,#1044,.T.);
#602=ORIENTED_EDGE('',*,*,#1083,.F.);
#603=ORIENTED_EDGE('',*,*,#1084,.F.);
#604=ORIENTED_EDGE('',*,*,#1085,.F.);
#605=ORIENTED_EDGE('',*,*,#1039,.F.);
#606=ORIENTED_EDGE('',*,*,#1078,.T.);
#607=ORIENTED_EDGE('',*,*,#1086,.F.);
#608=ORIENTED_EDGE('',*,*,#1081,.T.);
#609=ORIENTED_EDGE('',*,*,#1087,.F.);
#610=ORIENTED_EDGE('',*,*,#1088,.F.);
#611=ORIENTED_EDGE('',*,*,#1089,.F.);
#612=ORIENTED_EDGE('',*,*,#1083,.T.);
#613=ORIENTED_EDGE('',*,*,#1043,.T.);
#614=ORIENTED_EDGE('',*,*,#1090,.F.);
#615=ORIENTED_EDGE('',*,*,#1085,.T.);
#616=ORIENTED_EDGE('',*,*,#1091,.T.);
#617=ORIENTED_EDGE('',*,*,#1023,.F.);
#618=ORIENTED_EDGE('',*,*,#1040,.T.);
#619=ORIENTED_EDGE('',*,*,#1027,.F.);
#620=ORIENTED_EDGE('',*,*,#1092,.T.);
#621=ORIENTED_EDGE('',*,*,#1088,.T.);
#622=ORIENTED_EDGE('',*,*,#1093,.T.);
#623=ORIENTED_EDGE('',*,*,#1031,.F.);
#624=ORIENTED_EDGE('',*,*,#1094,.T.);
#625=ORIENTED_EDGE('',*,*,#1090,.T.);
#626=ORIENTED_EDGE('',*,*,#1042,.F.);
#627=ORIENTED_EDGE('',*,*,#1012,.T.);
#628=ORIENTED_EDGE('',*,*,#1054,.T.);
#629=ORIENTED_EDGE('',*,*,#1061,.T.);
#630=ORIENTED_EDGE('',*,*,#1068,.T.);
#631=ORIENTED_EDGE('',*,*,#1075,.F.);
#632=ORIENTED_EDGE('',*,*,#1082,.T.);
#633=ORIENTED_EDGE('',*,*,#1089,.T.);
#634=ORIENTED_EDGE('',*,*,#1094,.F.);
#635=ORIENTED_EDGE('',*,*,#1030,.T.);
#636=ORIENTED_EDGE('',*,*,#1095,.F.);
#637=ORIENTED_EDGE('',*,*,#1013,.T.);
#638=ORIENTED_EDGE('',*,*,#1095,.T.);
#639=ORIENTED_EDGE('',*,*,#1029,.T.);
#640=ORIENTED_EDGE('',*,*,#1096,.F.);
#641=ORIENTED_EDGE('',*,*,#1014,.T.);
#642=ORIENTED_EDGE('',*,*,#1096,.T.);
#643=ORIENTED_EDGE('',*,*,#1028,.T.);
#644=ORIENTED_EDGE('',*,*,#1093,.F.);
#645=ORIENTED_EDGE('',*,*,#1087,.T.);
#646=ORIENTED_EDGE('',*,*,#1080,.T.);
#647=ORIENTED_EDGE('',*,*,#1073,.F.);
#648=ORIENTED_EDGE('',*,*,#1066,.T.);
#649=ORIENTED_EDGE('',*,*,#1059,.T.);
#650=ORIENTED_EDGE('',*,*,#1052,.T.);
#651=ORIENTED_EDGE('',*,*,#1018,.T.);
#652=ORIENTED_EDGE('',*,*,#1097,.T.);
#653=ORIENTED_EDGE('',*,*,#1024,.T.);
#654=ORIENTED_EDGE('',*,*,#1091,.F.);
#655=ORIENTED_EDGE('',*,*,#1084,.T.);
#656=ORIENTED_EDGE('',*,*,#1077,.T.);
#657=ORIENTED_EDGE('',*,*,#1070,.F.);
#658=ORIENTED_EDGE('',*,*,#1063,.T.);
#659=ORIENTED_EDGE('',*,*,#1056,.T.);
#660=ORIENTED_EDGE('',*,*,#1049,.T.);
#661=ORIENTED_EDGE('',*,*,#1017,.T.);
#662=ORIENTED_EDGE('',*,*,#1098,.T.);
#663=ORIENTED_EDGE('',*,*,#1025,.T.);
#664=ORIENTED_EDGE('',*,*,#1097,.F.);
#665=ORIENTED_EDGE('',*,*,#1016,.T.);
#666=ORIENTED_EDGE('',*,*,#1051,.T.);
#667=ORIENTED_EDGE('',*,*,#1058,.T.);
#668=ORIENTED_EDGE('',*,*,#1065,.T.);
#669=ORIENTED_EDGE('',*,*,#1072,.F.);
#670=ORIENTED_EDGE('',*,*,#1079,.T.);
#671=ORIENTED_EDGE('',*,*,#1086,.T.);
#672=ORIENTED_EDGE('',*,*,#1092,.F.);
#673=ORIENTED_EDGE('',*,*,#1026,.T.);
#674=ORIENTED_EDGE('',*,*,#1098,.F.);
#675=ORIENTED_EDGE('',*,*,#1021,.T.);
#676=ORIENTED_EDGE('',*,*,#1041,.T.);
#677=ORIENTED_EDGE('',*,*,#1009,.T.);
#678=ORIENTED_EDGE('',*,*,#1033,.F.);
#679=ORIENTED_EDGE('',*,*,#1099,.F.);
#680=ORIENTED_EDGE('',*,*,#1100,.F.);
#681=ORIENTED_EDGE('',*,*,#1101,.T.);
#682=ORIENTED_EDGE('',*,*,#1102,.F.);
#683=ORIENTED_EDGE('',*,*,#1103,.F.);
#684=ORIENTED_EDGE('',*,*,#1104,.F.);
#685=ORIENTED_EDGE('',*,*,#1105,.T.);
#686=ORIENTED_EDGE('',*,*,#1106,.F.);
#687=ORIENTED_EDGE('',*,*,#1107,.F.);
#688=ORIENTED_EDGE('',*,*,#1108,.F.);
#689=ORIENTED_EDGE('',*,*,#1109,.T.);
#690=ORIENTED_EDGE('',*,*,#1110,.T.);
#691=ORIENTED_EDGE('',*,*,#1111,.F.);
#692=ORIENTED_EDGE('',*,*,#1112,.T.);
#693=ORIENTED_EDGE('',*,*,#1113,.F.);
#694=ORIENTED_EDGE('',*,*,#1114,.F.);
#695=ORIENTED_EDGE('',*,*,#1115,.F.);
#696=ORIENTED_EDGE('',*,*,#1116,.F.);
#697=ORIENTED_EDGE('',*,*,#1117,.F.);
#698=ORIENTED_EDGE('',*,*,#1118,.F.);
#699=ORIENTED_EDGE('',*,*,#1119,.F.);
#700=ORIENTED_EDGE('',*,*,#1120,.F.);
#701=ORIENTED_EDGE('',*,*,#1121,.F.);
#702=ORIENTED_EDGE('',*,*,#1122,.F.);
#703=ORIENTED_EDGE('',*,*,#1100,.T.);
#704=ORIENTED_EDGE('',*,*,#1123,.T.);
#705=ORIENTED_EDGE('',*,*,#1122,.T.);
#706=ORIENTED_EDGE('',*,*,#1124,.T.);
#707=ORIENTED_EDGE('',*,*,#1125,.T.);
#708=ORIENTED_EDGE('',*,*,#1126,.T.);
#709=ORIENTED_EDGE('',*,*,#1127,.F.);
#710=ORIENTED_EDGE('',*,*,#1110,.F.);
#711=ORIENTED_EDGE('',*,*,#1128,.F.);
#712=ORIENTED_EDGE('',*,*,#1129,.F.);
#713=ORIENTED_EDGE('',*,*,#1130,.F.);
#714=ORIENTED_EDGE('',*,*,#1112,.F.);
#715=ORIENTED_EDGE('',*,*,#1131,.F.);
#716=ORIENTED_EDGE('',*,*,#1113,.T.);
#717=ORIENTED_EDGE('',*,*,#1130,.T.);
#718=ORIENTED_EDGE('',*,*,#1132,.F.);
#719=ORIENTED_EDGE('',*,*,#1133,.F.);
#720=ORIENTED_EDGE('',*,*,#1134,.F.);
#721=ORIENTED_EDGE('',*,*,#1135,.F.);
#722=ORIENTED_EDGE('',*,*,#1117,.T.);
#723=ORIENTED_EDGE('',*,*,#1136,.F.);
#724=ORIENTED_EDGE('',*,*,#1137,.F.);
#725=ORIENTED_EDGE('',*,*,#1124,.F.);
#726=ORIENTED_EDGE('',*,*,#1121,.T.);
#727=ORIENTED_EDGE('',*,*,#1138,.F.);
#728=ORIENTED_EDGE('',*,*,#1132,.T.);
#729=ORIENTED_EDGE('',*,*,#1129,.T.);
#730=ORIENTED_EDGE('',*,*,#1139,.F.);
#731=ORIENTED_EDGE('',*,*,#1140,.F.);
#732=ORIENTED_EDGE('',*,*,#1141,.F.);
#733=ORIENTED_EDGE('',*,*,#1142,.F.);
#734=ORIENTED_EDGE('',*,*,#1134,.T.);
#735=ORIENTED_EDGE('',*,*,#1143,.F.);
#736=ORIENTED_EDGE('',*,*,#1144,.F.);
#737=ORIENTED_EDGE('',*,*,#1125,.F.);
#738=ORIENTED_EDGE('',*,*,#1137,.T.);
#739=ORIENTED_EDGE('',*,*,#1145,.F.);
#740=ORIENTED_EDGE('',*,*,#1139,.T.);
#741=ORIENTED_EDGE('',*,*,#1128,.T.);
#742=ORIENTED_EDGE('',*,*,#1109,.F.);
#743=ORIENTED_EDGE('',*,*,#1146,.F.);
#744=ORIENTED_EDGE('',*,*,#1105,.F.);
#745=ORIENTED_EDGE('',*,*,#1147,.F.);
#746=ORIENTED_EDGE('',*,*,#1141,.T.);
#747=ORIENTED_EDGE('',*,*,#1148,.F.);
#748=ORIENTED_EDGE('',*,*,#1101,.F.);
#749=ORIENTED_EDGE('',*,*,#1126,.F.);
#750=ORIENTED_EDGE('',*,*,#1144,.T.);
#751=ORIENTED_EDGE('',*,*,#1102,.T.);
#752=ORIENTED_EDGE('',*,*,#1148,.T.);
#753=ORIENTED_EDGE('',*,*,#1143,.T.);
#754=ORIENTED_EDGE('',*,*,#1136,.T.);
#755=ORIENTED_EDGE('',*,*,#1120,.T.);
#756=ORIENTED_EDGE('',*,*,#1149,.F.);
#757=ORIENTED_EDGE('',*,*,#1104,.T.);
#758=ORIENTED_EDGE('',*,*,#1150,.T.);
#759=ORIENTED_EDGE('',*,*,#1118,.T.);
#760=ORIENTED_EDGE('',*,*,#1135,.T.);
#761=ORIENTED_EDGE('',*,*,#1142,.T.);
#762=ORIENTED_EDGE('',*,*,#1147,.T.);
#763=ORIENTED_EDGE('',*,*,#1103,.T.);
#764=ORIENTED_EDGE('',*,*,#1149,.T.);
#765=ORIENTED_EDGE('',*,*,#1119,.T.);
#766=ORIENTED_EDGE('',*,*,#1150,.F.);
#767=ORIENTED_EDGE('',*,*,#1107,.T.);
#768=ORIENTED_EDGE('',*,*,#1151,.T.);
#769=ORIENTED_EDGE('',*,*,#1115,.T.);
#770=ORIENTED_EDGE('',*,*,#1152,.F.);
#771=ORIENTED_EDGE('',*,*,#1108,.T.);
#772=ORIENTED_EDGE('',*,*,#1152,.T.);
#773=ORIENTED_EDGE('',*,*,#1114,.T.);
#774=ORIENTED_EDGE('',*,*,#1131,.T.);
#775=ORIENTED_EDGE('',*,*,#1138,.T.);
#776=ORIENTED_EDGE('',*,*,#1145,.T.);
#777=ORIENTED_EDGE('',*,*,#1106,.T.);
#778=ORIENTED_EDGE('',*,*,#1146,.T.);
#779=ORIENTED_EDGE('',*,*,#1140,.T.);
#780=ORIENTED_EDGE('',*,*,#1133,.T.);
#781=ORIENTED_EDGE('',*,*,#1116,.T.);
#782=ORIENTED_EDGE('',*,*,#1151,.F.);
#783=ORIENTED_EDGE('',*,*,#1099,.T.);
#784=ORIENTED_EDGE('',*,*,#1127,.T.);
#785=ORIENTED_EDGE('',*,*,#1111,.T.);
#786=ORIENTED_EDGE('',*,*,#1123,.F.);
#787=EDGE_CURVE('',#1153,#1154,#1397,.T.);
#788=EDGE_CURVE('',#1155,#1153,#1398,.T.);
#789=EDGE_CURVE('',#1156,#1155,#1399,.T.);
#790=EDGE_CURVE('',#1157,#1156,#1400,.T.);
#791=EDGE_CURVE('',#1158,#1157,#1401,.T.);
#792=EDGE_CURVE('',#1159,#1158,#1402,.T.);
#793=EDGE_CURVE('',#1160,#1159,#1403,.T.);
#794=EDGE_CURVE('',#1161,#1160,#1404,.T.);
#795=EDGE_CURVE('',#1162,#1161,#1405,.T.);
#796=EDGE_CURVE('',#1163,#1162,#1406,.T.);
#797=EDGE_CURVE('',#1164,#1163,#1407,.T.);
#798=EDGE_CURVE('',#1165,#1164,#1408,.T.);
#799=EDGE_CURVE('',#1166,#1165,#1409,.T.);
#800=EDGE_CURVE('',#1167,#1166,#1410,.T.);
#801=EDGE_CURVE('',#1168,#1167,#1411,.T.);
#802=EDGE_CURVE('',#1169,#1168,#1412,.T.);
#803=EDGE_CURVE('',#1170,#1169,#1413,.T.);
#804=EDGE_CURVE('',#1171,#1170,#1414,.T.);
#805=EDGE_CURVE('',#1172,#1171,#1415,.T.);
#806=EDGE_CURVE('',#1154,#1172,#1416,.T.);
#807=EDGE_CURVE('',#1173,#1174,#1417,.T.);
#808=EDGE_CURVE('',#1175,#1173,#1418,.T.);
#809=EDGE_CURVE('',#1176,#1175,#1419,.T.);
#810=EDGE_CURVE('',#1177,#1176,#1420,.T.);
#811=EDGE_CURVE('',#1178,#1177,#1421,.T.);
#812=EDGE_CURVE('',#1179,#1178,#1422,.T.);
#813=EDGE_CURVE('',#1179,#1180,#1423,.T.);
#814=EDGE_CURVE('',#1180,#1181,#1424,.T.);
#815=EDGE_CURVE('',#1181,#1182,#1425,.T.);
#816=EDGE_CURVE('',#1182,#1183,#1426,.T.);
#817=EDGE_CURVE('',#1183,#1184,#1427,.T.);
#818=EDGE_CURVE('',#1184,#1185,#1428,.T.);
#819=EDGE_CURVE('',#1185,#1186,#1429,.T.);
#820=EDGE_CURVE('',#1186,#1187,#1430,.T.);
#821=EDGE_CURVE('',#1187,#1188,#1431,.T.);
#822=EDGE_CURVE('',#1188,#1189,#1432,.T.);
#823=EDGE_CURVE('',#1190,#1189,#1433,.T.);
#824=EDGE_CURVE('',#1190,#1191,#1434,.T.);
#825=EDGE_CURVE('',#1191,#1192,#1435,.T.);
#826=EDGE_CURVE('',#1192,#1193,#1436,.T.);
#827=EDGE_CURVE('',#1194,#1193,#1437,.T.);
#828=EDGE_CURVE('',#1195,#1194,#1438,.T.);
#829=EDGE_CURVE('',#1195,#1196,#1439,.T.);
#830=EDGE_CURVE('',#1196,#1197,#1440,.T.);
#831=EDGE_CURVE('',#1198,#1197,#1441,.T.);
#832=EDGE_CURVE('',#1199,#1198,#1442,.T.);
#833=EDGE_CURVE('',#1200,#1199,#1443,.T.);
#834=EDGE_CURVE('',#1174,#1200,#1444,.T.);
#835=EDGE_CURVE('',#1201,#1202,#1445,.T.);
#836=EDGE_CURVE('',#1203,#1201,#1446,.T.);
#837=EDGE_CURVE('',#1204,#1203,#1447,.T.);
#838=EDGE_CURVE('',#1205,#1204,#1448,.T.);
#839=EDGE_CURVE('',#1205,#1206,#1449,.T.);
#840=EDGE_CURVE('',#1207,#1206,#1450,.T.);
#841=EDGE_CURVE('',#1207,#1208,#1451,.T.);
#842=EDGE_CURVE('',#1208,#1209,#1452,.T.);
#843=EDGE_CURVE('',#1209,#1210,#1453,.T.);
#844=EDGE_CURVE('',#1211,#1210,#1454,.T.);
#845=EDGE_CURVE('',#1211,#1212,#1455,.T.);
#846=EDGE_CURVE('',#1212,#1213,#1456,.T.);
#847=EDGE_CURVE('',#1213,#1214,#1457,.T.);
#848=EDGE_CURVE('',#1215,#1214,#1458,.T.);
#849=EDGE_CURVE('',#1215,#1216,#1459,.T.);
#850=EDGE_CURVE('',#1216,#1217,#1460,.T.);
#851=EDGE_CURVE('',#1217,#1218,#1461,.T.);
#852=EDGE_CURVE('',#1218,#1219,#1462,.T.);
#853=EDGE_CURVE('',#1220,#1219,#1463,.T.);
#854=EDGE_CURVE('',#1220,#1221,#1464,.T.);
#855=EDGE_CURVE('',#1221,#1222,#1465,.T.);
#856=EDGE_CURVE('',#1222,#1223,#1466,.T.);
#857=EDGE_CURVE('',#1224,#1223,#1467,.T.);
#858=EDGE_CURVE('',#1225,#1224,#1468,.T.);
#859=EDGE_CURVE('',#1226,#1225,#1469,.T.);
#860=EDGE_CURVE('',#1226,#1227,#1470,.T.);
#861=EDGE_CURVE('',#1228,#1227,#1471,.T.);
#862=EDGE_CURVE('',#1229,#1228,#1472,.T.);
#863=EDGE_CURVE('',#1230,#1229,#1473,.T.);
#864=EDGE_CURVE('',#1230,#1231,#1474,.T.);
#865=EDGE_CURVE('',#1232,#1231,#1475,.T.);
#866=EDGE_CURVE('',#1232,#1233,#1476,.T.);
#867=EDGE_CURVE('',#1233,#1234,#1477,.T.);
#868=EDGE_CURVE('',#1235,#1234,#1478,.T.);
#869=EDGE_CURVE('',#1236,#1235,#1479,.T.);
#870=EDGE_CURVE('',#1237,#1236,#1480,.T.);
#871=EDGE_CURVE('',#1238,#1237,#1481,.T.);
#872=EDGE_CURVE('',#1239,#1238,#1482,.T.);
#873=EDGE_CURVE('',#1240,#1239,#1483,.T.);
#874=EDGE_CURVE('',#1202,#1240,#1484,.T.);
#875=EDGE_CURVE('',#1173,#1202,#1485,.T.);
#876=EDGE_CURVE('',#1240,#1175,#1486,.T.);
#877=EDGE_CURVE('',#1204,#1199,#1487,.T.);
#878=EDGE_CURVE('',#1198,#1241,#1488,.T.);
#879=EDGE_CURVE('',#1241,#1242,#1489,.T.);
#880=EDGE_CURVE('',#1242,#1205,#1490,.T.);
#881=EDGE_CURVE('',#1178,#1237,#1491,.T.);
#882=EDGE_CURVE('',#1236,#1243,#1492,.T.);
#883=EDGE_CURVE('',#1243,#1244,#1493,.T.);
#884=EDGE_CURVE('',#1244,#1179,#1494,.T.);
#885=EDGE_CURVE('',#1155,#1245,#1495,.T.);
#886=EDGE_CURVE('',#1246,#1245,#1496,.T.);
#887=EDGE_CURVE('',#1246,#1156,#1497,.T.);
#888=EDGE_CURVE('',#1247,#1248,#1498,.T.);
#889=EDGE_CURVE('',#1247,#1153,#1499,.T.);
#890=EDGE_CURVE('',#1248,#1154,#1500,.T.);
#891=EDGE_CURVE('',#1249,#1250,#1501,.T.);
#892=EDGE_CURVE('',#1249,#1170,#1502,.T.);
#893=EDGE_CURVE('',#1250,#1169,#1503,.T.);
#894=EDGE_CURVE('',#1171,#1251,#1504,.T.);
#895=EDGE_CURVE('',#1252,#1251,#1505,.T.);
#896=EDGE_CURVE('',#1252,#1172,#1506,.T.);
#897=EDGE_CURVE('',#1253,#1197,#1507,.T.);
#898=EDGE_CURVE('',#1241,#1253,#1508,.T.);
#899=EDGE_CURVE('',#1187,#1254,#1509,.T.);
#900=EDGE_CURVE('',#1254,#1255,#1510,.T.);
#901=EDGE_CURVE('',#1255,#1188,#1511,.T.);
#902=EDGE_CURVE('',#1184,#1223,#1512,.T.);
#903=EDGE_CURVE('',#1183,#1232,#1513,.T.);
#904=EDGE_CURVE('',#1231,#1256,#1514,.T.);
#905=EDGE_CURVE('',#1256,#1257,#1515,.T.);
#906=EDGE_CURVE('',#1257,#1228,#1516,.T.);
#907=EDGE_CURVE('',#1227,#1258,#1517,.T.);
#908=EDGE_CURVE('',#1258,#1259,#1518,.T.);
#909=EDGE_CURVE('',#1224,#1259,#1519,.T.);
#910=EDGE_CURVE('',#1190,#1260,#1520,.T.);
#911=EDGE_CURVE('',#1189,#1261,#1521,.T.);
#912=EDGE_CURVE('',#1260,#1261,#1522,.T.);
#913=EDGE_CURVE('',#1262,#1263,#1523,.T.);
#914=EDGE_CURVE('',#1264,#1262,#1524,.T.);
#915=EDGE_CURVE('',#1265,#1264,#1525,.T.);
#916=EDGE_CURVE('',#1263,#1265,#1526,.T.);
#917=EDGE_CURVE('',#1266,#1267,#1527,.T.);
#918=EDGE_CURVE('',#1268,#1266,#1528,.T.);
#919=EDGE_CURVE('',#1268,#1269,#1529,.T.);
#920=EDGE_CURVE('',#1267,#1269,#1530,.T.);
#921=EDGE_CURVE('',#1263,#1213,#1531,.T.);
#922=EDGE_CURVE('',#1214,#1265,#1532,.T.);
#923=EDGE_CURVE('',#1210,#1269,#1533,.T.);
#924=EDGE_CURVE('',#1267,#1209,#1534,.T.);
#925=EDGE_CURVE('',#1226,#1270,#1535,.T.);
#926=EDGE_CURVE('',#1271,#1225,#1536,.T.);
#927=EDGE_CURVE('',#1270,#1271,#1537,.T.);
#928=EDGE_CURVE('',#1272,#1229,#1538,.T.);
#929=EDGE_CURVE('',#1273,#1272,#1539,.T.);
#930=EDGE_CURVE('',#1230,#1273,#1540,.T.);
#931=EDGE_CURVE('',#1270,#1258,#1541,.T.);
#932=EDGE_CURVE('',#1259,#1271,#1542,.T.);
#933=EDGE_CURVE('',#1272,#1257,#1543,.T.);
#934=EDGE_CURVE('',#1273,#1256,#1544,.T.);
#935=EDGE_CURVE('',#1274,#1180,#1545,.T.);
#936=EDGE_CURVE('',#1244,#1274,#1546,.T.);
#937=EDGE_CURVE('',#1275,#1253,#1547,.T.);
#938=EDGE_CURVE('',#1242,#1275,#1548,.T.);
#939=EDGE_CURVE('',#1206,#1275,#1549,.T.);
#940=EDGE_CURVE('',#1276,#1235,#1550,.T.);
#941=EDGE_CURVE('',#1243,#1276,#1551,.T.);
#942=EDGE_CURVE('',#1274,#1276,#1552,.T.);
#943=EDGE_CURVE('',#1260,#1277,#1553,.T.);
#944=EDGE_CURVE('',#1261,#1278,#1554,.T.);
#945=EDGE_CURVE('',#1277,#1278,#1555,.T.);
#946=EDGE_CURVE('',#1277,#1217,#1556,.T.);
#947=EDGE_CURVE('',#1278,#1218,#1557,.T.);
#948=EDGE_CURVE('',#1220,#1279,#1558,.T.);
#949=EDGE_CURVE('',#1219,#1280,#1559,.T.);
#950=EDGE_CURVE('',#1279,#1280,#1560,.T.);
#951=EDGE_CURVE('',#1279,#1254,#1561,.T.);
#952=EDGE_CURVE('',#1280,#1255,#1562,.T.);
#953=EDGE_CURVE('',#1186,#1221,#1563,.T.);
#954=EDGE_CURVE('',#1191,#1216,#1564,.T.);
#955=EDGE_CURVE('',#1215,#1264,#1565,.T.);
#956=EDGE_CURVE('',#1181,#1234,#1566,.T.);
#957=EDGE_CURVE('',#1266,#1208,#1567,.T.);
#958=EDGE_CURVE('',#1196,#1207,#1568,.T.);
#959=EDGE_CURVE('',#1262,#1212,#1569,.T.);
#960=EDGE_CURVE('',#1211,#1268,#1570,.T.);
#961=EDGE_CURVE('',#1281,#1168,#1571,.T.);
#962=EDGE_CURVE('',#1250,#1281,#1572,.T.);
#963=EDGE_CURVE('',#1282,#1167,#1573,.T.);
#964=EDGE_CURVE('',#1281,#1282,#1574,.T.);
#965=EDGE_CURVE('',#1283,#1166,#1575,.T.);
#966=EDGE_CURVE('',#1282,#1283,#1576,.T.);
#967=EDGE_CURVE('',#1165,#1284,#1577,.T.);
#968=EDGE_CURVE('',#1283,#1284,#1578,.T.);
#969=EDGE_CURVE('',#1245,#1247,#1579,.T.);
#970=EDGE_CURVE('',#1248,#1252,#1580,.T.);
#971=EDGE_CURVE('',#1251,#1249,#1581,.T.);
#972=EDGE_CURVE('',#1284,#1285,#1582,.T.);
#973=EDGE_CURVE('',#1285,#1286,#1583,.T.);
#974=EDGE_CURVE('',#1286,#1287,#1584,.T.);
#975=EDGE_CURVE('',#1287,#1288,#1585,.T.);
#976=EDGE_CURVE('',#1288,#1289,#1586,.T.);
#977=EDGE_CURVE('',#1289,#1290,#1587,.T.);
#978=EDGE_CURVE('',#1290,#1291,#1588,.T.);
#979=EDGE_CURVE('',#1291,#1292,#1589,.T.);
#980=EDGE_CURVE('',#1292,#1246,#1590,.T.);
#981=EDGE_CURVE('',#1292,#1157,#1591,.T.);
#982=EDGE_CURVE('',#1289,#1160,#1592,.T.);
#983=EDGE_CURVE('',#1290,#1159,#1593,.T.);
#984=EDGE_CURVE('',#1291,#1158,#1594,.T.);
#985=EDGE_CURVE('',#1285,#1164,#1595,.T.);
#986=EDGE_CURVE('',#1286,#1163,#1596,.T.);
#987=EDGE_CURVE('',#1287,#1162,#1597,.T.);
#988=EDGE_CURVE('',#1161,#1288,#1598,.T.);
#989=EDGE_CURVE('',#1293,#1195,#1599,.T.);
#990=EDGE_CURVE('',#1293,#1294,#1600,.T.);
#991=EDGE_CURVE('',#1294,#1192,#1601,.T.);
#992=EDGE_CURVE('',#1182,#1233,#1602,.T.);
#993=EDGE_CURVE('',#1185,#1222,#1603,.T.);
#994=EDGE_CURVE('',#1193,#1295,#1604,.T.);
#995=EDGE_CURVE('',#1296,#1295,#1605,.T.);
#996=EDGE_CURVE('',#1194,#1296,#1606,.T.);
#997=EDGE_CURVE('',#1295,#1297,#1607,.T.);
#998=EDGE_CURVE('',#1298,#1297,#1608,.T.);
#999=EDGE_CURVE('',#1296,#1298,#1609,.T.);
#1000=EDGE_CURVE('',#1297,#1299,#1610,.T.);
#1001=EDGE_CURVE('',#1300,#1299,#1611,.T.);
#1002=EDGE_CURVE('',#1298,#1300,#1612,.T.);
#1003=EDGE_CURVE('',#1299,#1294,#1613,.T.);
#1004=EDGE_CURVE('',#1300,#1293,#1614,.T.);
#1005=EDGE_CURVE('',#1177,#1238,#1615,.T.);
#1006=EDGE_CURVE('',#1176,#1239,#1616,.T.);
#1007=EDGE_CURVE('',#1174,#1201,#1617,.T.);
#1008=EDGE_CURVE('',#1200,#1203,#1618,.T.);
#1009=EDGE_CURVE('',#1301,#1302,#1619,.T.);
#1010=EDGE_CURVE('',#1301,#1303,#1620,.T.);
#1011=EDGE_CURVE('',#1304,#1303,#1621,.T.);
#1012=EDGE_CURVE('',#1305,#1304,#1622,.T.);
#1013=EDGE_CURVE('',#1306,#1305,#1623,.T.);
#1014=EDGE_CURVE('',#1307,#1306,#1624,.T.);
#1015=EDGE_CURVE('',#1308,#1307,#1625,.T.);
#1016=EDGE_CURVE('',#1309,#1308,#1626,.T.);
#1017=EDGE_CURVE('',#1310,#1309,#1627,.T.);
#1018=EDGE_CURVE('',#1311,#1310,#1628,.T.);
#1019=EDGE_CURVE('',#1312,#1311,#1629,.T.);
#1020=EDGE_CURVE('',#1302,#1312,#1630,.T.);
#1021=EDGE_CURVE('',#1313,#1314,#1631,.T.);
#1022=EDGE_CURVE('',#1315,#1313,#1632,.T.);
#1023=EDGE_CURVE('',#1315,#1316,#1633,.T.);
#1024=EDGE_CURVE('',#1317,#1316,#1634,.T.);
#1025=EDGE_CURVE('',#1318,#1317,#1635,.T.);
#1026=EDGE_CURVE('',#1319,#1318,#1636,.T.);
#1027=EDGE_CURVE('',#1319,#1320,#1637,.T.);
#1028=EDGE_CURVE('',#1321,#1320,#1638,.T.);
#1029=EDGE_CURVE('',#1322,#1321,#1639,.T.);
#1030=EDGE_CURVE('',#1323,#1322,#1640,.T.);
#1031=EDGE_CURVE('',#1323,#1324,#1641,.T.);
#1032=EDGE_CURVE('',#1324,#1314,#1642,.T.);
#1033=EDGE_CURVE('',#1313,#1302,#1643,.T.);
#1034=EDGE_CURVE('',#1312,#1325,#25,.T.);
#1035=EDGE_CURVE('',#1325,#1326,#1644,.T.);
#1036=EDGE_CURVE('',#1326,#1327,#1645,.T.);
#1037=EDGE_CURVE('',#1327,#1328,#1646,.T.);
#1038=EDGE_CURVE('',#1328,#1329,#1647,.T.);
#1039=EDGE_CURVE('',#1329,#1330,#1648,.T.);
#1040=EDGE_CURVE('',#1315,#1330,#26,.T.);
#1041=EDGE_CURVE('',#1314,#1301,#1649,.T.);
#1042=EDGE_CURVE('',#1324,#1331,#27,.T.);
#1043=EDGE_CURVE('',#1332,#1331,#1650,.T.);
#1044=EDGE_CURVE('',#1333,#1332,#1651,.T.);
#1045=EDGE_CURVE('',#1334,#1333,#1652,.T.);
#1046=EDGE_CURVE('',#1335,#1334,#1653,.T.);
#1047=EDGE_CURVE('',#1336,#1335,#1654,.T.);
#1048=EDGE_CURVE('',#1303,#1336,#28,.T.);
#1049=EDGE_CURVE('',#1337,#1311,#29,.T.);
#1050=EDGE_CURVE('',#1325,#1337,#1655,.T.);
#1051=EDGE_CURVE('',#1308,#1338,#30,.T.);
#1052=EDGE_CURVE('',#1339,#1307,#31,.T.);
#1053=EDGE_CURVE('',#1338,#1339,#1656,.T.);
#1054=EDGE_CURVE('',#1304,#1340,#32,.T.);
#1055=EDGE_CURVE('',#1340,#1336,#1657,.T.);
#1056=EDGE_CURVE('',#1341,#1337,#1658,.T.);
#1057=EDGE_CURVE('',#1326,#1341,#1659,.T.);
#1058=EDGE_CURVE('',#1338,#1342,#1660,.T.);
#1059=EDGE_CURVE('',#1343,#1339,#1661,.T.);
#1060=EDGE_CURVE('',#1342,#1343,#1662,.T.);
#1061=EDGE_CURVE('',#1340,#1344,#1663,.T.);
#1062=EDGE_CURVE('',#1344,#1335,#1664,.T.);
#1063=EDGE_CURVE('',#1345,#1341,#1665,.T.);
#1064=EDGE_CURVE('',#1327,#1345,#1666,.T.);
#1065=EDGE_CURVE('',#1342,#1346,#1667,.T.);
#1066=EDGE_CURVE('',#1347,#1343,#1668,.T.);
#1067=EDGE_CURVE('',#1346,#1347,#1669,.T.);
#1068=EDGE_CURVE('',#1344,#1348,#1670,.T.);
#1069=EDGE_CURVE('',#1348,#1334,#1671,.T.);
#1070=EDGE_CURVE('',#1345,#1349,#1672,.T.);
#1071=EDGE_CURVE('',#1328,#1349,#1673,.T.);
#1072=EDGE_CURVE('',#1350,#1346,#1674,.T.);
#1073=EDGE_CURVE('',#1347,#1351,#1675,.T.);
#1074=EDGE_CURVE('',#1350,#1351,#1676,.T.);
#1075=EDGE_CURVE('',#1352,#1348,#1677,.T.);
#1076=EDGE_CURVE('',#1352,#1333,#1678,.T.);
#1077=EDGE_CURVE('',#1353,#1349,#1679,.T.);
#1078=EDGE_CURVE('',#1329,#1353,#1680,.T.);
#1079=EDGE_CURVE('',#1350,#1354,#1681,.T.);
#1080=EDGE_CURVE('',#1355,#1351,#1682,.T.);
#1081=EDGE_CURVE('',#1354,#1355,#1683,.T.);
#1082=EDGE_CURVE('',#1352,#1356,#1684,.T.);
#1083=EDGE_CURVE('',#1356,#1332,#1685,.T.);
#1084=EDGE_CURVE('',#1357,#1353,#1686,.T.);
#1085=EDGE_CURVE('',#1330,#1357,#1687,.T.);
#1086=EDGE_CURVE('',#1354,#1358,#1688,.T.);
#1087=EDGE_CURVE('',#1359,#1355,#1689,.T.);
#1088=EDGE_CURVE('',#1358,#1359,#1690,.T.);
#1089=EDGE_CURVE('',#1356,#1360,#1691,.T.);
#1090=EDGE_CURVE('',#1360,#1331,#1692,.T.);
#1091=EDGE_CURVE('',#1357,#1316,#33,.T.);
#1092=EDGE_CURVE('',#1319,#1358,#34,.T.);
#1093=EDGE_CURVE('',#1359,#1320,#35,.T.);
#1094=EDGE_CURVE('',#1323,#1360,#36,.T.);
#1095=EDGE_CURVE('',#1305,#1322,#1693,.T.);
#1096=EDGE_CURVE('',#1306,#1321,#1694,.T.);
#1097=EDGE_CURVE('',#1310,#1317,#1695,.T.);
#1098=EDGE_CURVE('',#1309,#1318,#1696,.T.);
#1099=EDGE_CURVE('',#1361,#1362,#1697,.T.);
#1100=EDGE_CURVE('',#1363,#1361,#1698,.T.);
#1101=EDGE_CURVE('',#1363,#1364,#1699,.T.);
#1102=EDGE_CURVE('',#1365,#1364,#1700,.T.);
#1103=EDGE_CURVE('',#1366,#1365,#1701,.T.);
#1104=EDGE_CURVE('',#1367,#1366,#1702,.T.);
#1105=EDGE_CURVE('',#1367,#1368,#1703,.T.);
#1106=EDGE_CURVE('',#1369,#1368,#1704,.T.);
#1107=EDGE_CURVE('',#1370,#1369,#1705,.T.);
#1108=EDGE_CURVE('',#1371,#1370,#1706,.T.);
#1109=EDGE_CURVE('',#1371,#1372,#1707,.T.);
#1110=EDGE_CURVE('',#1372,#1362,#1708,.T.);
#1111=EDGE_CURVE('',#1373,#1374,#1709,.T.);
#1112=EDGE_CURVE('',#1373,#1375,#1710,.T.);
#1113=EDGE_CURVE('',#1376,#1375,#1711,.T.);
#1114=EDGE_CURVE('',#1377,#1376,#1712,.T.);
#1115=EDGE_CURVE('',#1378,#1377,#1713,.T.);
#1116=EDGE_CURVE('',#1379,#1378,#1714,.T.);
#1117=EDGE_CURVE('',#1380,#1379,#1715,.T.);
#1118=EDGE_CURVE('',#1381,#1380,#1716,.T.);
#1119=EDGE_CURVE('',#1382,#1381,#1717,.T.);
#1120=EDGE_CURVE('',#1383,#1382,#1718,.T.);
#1121=EDGE_CURVE('',#1384,#1383,#1719,.T.);
#1122=EDGE_CURVE('',#1374,#1384,#1720,.T.);
#1123=EDGE_CURVE('',#1361,#1374,#1721,.T.);
#1124=EDGE_CURVE('',#1384,#1385,#1722,.T.);
#1125=EDGE_CURVE('',#1385,#1386,#1723,.T.);
#1126=EDGE_CURVE('',#1386,#1363,#1724,.T.);
#1127=EDGE_CURVE('',#1362,#1373,#1725,.T.);
#1128=EDGE_CURVE('',#1387,#1372,#1726,.T.);
#1129=EDGE_CURVE('',#1388,#1387,#1727,.T.);
#1130=EDGE_CURVE('',#1375,#1388,#1728,.T.);
#1131=EDGE_CURVE('',#1376,#1389,#1729,.T.);
#1132=EDGE_CURVE('',#1389,#1388,#1730,.T.);
#1133=EDGE_CURVE('',#1390,#1379,#1731,.T.);
#1134=EDGE_CURVE('',#1391,#1390,#1732,.T.);
#1135=EDGE_CURVE('',#1380,#1391,#1733,.T.);
#1136=EDGE_CURVE('',#1392,#1383,#1734,.T.);
#1137=EDGE_CURVE('',#1385,#1392,#1735,.T.);
#1138=EDGE_CURVE('',#1389,#1393,#1736,.T.);
#1139=EDGE_CURVE('',#1393,#1387,#1737,.T.);
#1140=EDGE_CURVE('',#1394,#1390,#1738,.T.);
#1141=EDGE_CURVE('',#1395,#1394,#1739,.T.);
#1142=EDGE_CURVE('',#1391,#1395,#1740,.T.);
#1143=EDGE_CURVE('',#1396,#1392,#1741,.T.);
#1144=EDGE_CURVE('',#1386,#1396,#1742,.T.);
#1145=EDGE_CURVE('',#1393,#1371,#1743,.T.);
#1146=EDGE_CURVE('',#1368,#1394,#1744,.T.);
#1147=EDGE_CURVE('',#1395,#1367,#1745,.T.);
#1148=EDGE_CURVE('',#1364,#1396,#1746,.T.);
#1149=EDGE_CURVE('',#1365,#1382,#1747,.T.);
#1150=EDGE_CURVE('',#1366,#1381,#1748,.T.);
#1151=EDGE_CURVE('',#1369,#1378,#1749,.T.);
#1152=EDGE_CURVE('',#1370,#1377,#1750,.T.);
#1153=VERTEX_POINT('',#3446);
#1154=VERTEX_POINT('',#3447);
#1155=VERTEX_POINT('',#3449);
#1156=VERTEX_POINT('',#3451);
#1157=VERTEX_POINT('',#3453);
#1158=VERTEX_POINT('',#3455);
#1159=VERTEX_POINT('',#3457);
#1160=VERTEX_POINT('',#3459);
#1161=VERTEX_POINT('',#3461);
#1162=VERTEX_POINT('',#3463);
#1163=VERTEX_POINT('',#3465);
#1164=VERTEX_POINT('',#3467);
#1165=VERTEX_POINT('',#3469);
#1166=VERTEX_POINT('',#3471);
#1167=VERTEX_POINT('',#3473);
#1168=VERTEX_POINT('',#3475);
#1169=VERTEX_POINT('',#3477);
#1170=VERTEX_POINT('',#3479);
#1171=VERTEX_POINT('',#3481);
#1172=VERTEX_POINT('',#3483);
#1173=VERTEX_POINT('',#3486);
#1174=VERTEX_POINT('',#3487);
#1175=VERTEX_POINT('',#3489);
#1176=VERTEX_POINT('',#3491);
#1177=VERTEX_POINT('',#3493);
#1178=VERTEX_POINT('',#3495);
#1179=VERTEX_POINT('',#3497);
#1180=VERTEX_POINT('',#3499);
#1181=VERTEX_POINT('',#3501);
#1182=VERTEX_POINT('',#3503);
#1183=VERTEX_POINT('',#3505);
#1184=VERTEX_POINT('',#3507);
#1185=VERTEX_POINT('',#3509);
#1186=VERTEX_POINT('',#3511);
#1187=VERTEX_POINT('',#3513);
#1188=VERTEX_POINT('',#3515);
#1189=VERTEX_POINT('',#3517);
#1190=VERTEX_POINT('',#3519);
#1191=VERTEX_POINT('',#3521);
#1192=VERTEX_POINT('',#3523);
#1193=VERTEX_POINT('',#3525);
#1194=VERTEX_POINT('',#3527);
#1195=VERTEX_POINT('',#3529);
#1196=VERTEX_POINT('',#3531);
#1197=VERTEX_POINT('',#3533);
#1198=VERTEX_POINT('',#3535);
#1199=VERTEX_POINT('',#3537);
#1200=VERTEX_POINT('',#3539);
#1201=VERTEX_POINT('',#3543);
#1202=VERTEX_POINT('',#3544);
#1203=VERTEX_POINT('',#3546);
#1204=VERTEX_POINT('',#3548);
#1205=VERTEX_POINT('',#3550);
#1206=VERTEX_POINT('',#3552);
#1207=VERTEX_POINT('',#3554);
#1208=VERTEX_POINT('',#3556);
#1209=VERTEX_POINT('',#3558);
#1210=VERTEX_POINT('',#3560);
#1211=VERTEX_POINT('',#3562);
#1212=VERTEX_POINT('',#3564);
#1213=VERTEX_POINT('',#3566);
#1214=VERTEX_POINT('',#3568);
#1215=VERTEX_POINT('',#3570);
#1216=VERTEX_POINT('',#3572);
#1217=VERTEX_POINT('',#3574);
#1218=VERTEX_POINT('',#3576);
#1219=VERTEX_POINT('',#3578);
#1220=VERTEX_POINT('',#3580);
#1221=VERTEX_POINT('',#3582);
#1222=VERTEX_POINT('',#3584);
#1223=VERTEX_POINT('',#3586);
#1224=VERTEX_POINT('',#3588);
#1225=VERTEX_POINT('',#3590);
#1226=VERTEX_POINT('',#3592);
#1227=VERTEX_POINT('',#3594);
#1228=VERTEX_POINT('',#3596);
#1229=VERTEX_POINT('',#3598);
#1230=VERTEX_POINT('',#3600);
#1231=VERTEX_POINT('',#3602);
#1232=VERTEX_POINT('',#3604);
#1233=VERTEX_POINT('',#3606);
#1234=VERTEX_POINT('',#3608);
#1235=VERTEX_POINT('',#3610);
#1236=VERTEX_POINT('',#3612);
#1237=VERTEX_POINT('',#3614);
#1238=VERTEX_POINT('',#3616);
#1239=VERTEX_POINT('',#3618);
#1240=VERTEX_POINT('',#3620);
#1241=VERTEX_POINT('',#3628);
#1242=VERTEX_POINT('',#3630);
#1243=VERTEX_POINT('',#3635);
#1244=VERTEX_POINT('',#3637);
#1245=VERTEX_POINT('',#3641);
#1246=VERTEX_POINT('',#3643);
#1247=VERTEX_POINT('',#3647);
#1248=VERTEX_POINT('',#3648);
#1249=VERTEX_POINT('',#3653);
#1250=VERTEX_POINT('',#3654);
#1251=VERTEX_POINT('',#3659);
#1252=VERTEX_POINT('',#3661);
#1253=VERTEX_POINT('',#3665);
#1254=VERTEX_POINT('',#3669);
#1255=VERTEX_POINT('',#3671);
#1256=VERTEX_POINT('',#3677);
#1257=VERTEX_POINT('',#3679);
#1258=VERTEX_POINT('',#3682);
#1259=VERTEX_POINT('',#3684);
#1260=VERTEX_POINT('',#3688);
#1261=VERTEX_POINT('',#3690);
#1262=VERTEX_POINT('',#3694);
#1263=VERTEX_POINT('',#3695);
#1264=VERTEX_POINT('',#3697);
#1265=VERTEX_POINT('',#3699);
#1266=VERTEX_POINT('',#3703);
#1267=VERTEX_POINT('',#3704);
#1268=VERTEX_POINT('',#3706);
#1269=VERTEX_POINT('',#3708);
#1270=VERTEX_POINT('',#3718);
#1271=VERTEX_POINT('',#3720);
#1272=VERTEX_POINT('',#3724);
#1273=VERTEX_POINT('',#3726);
#1274=VERTEX_POINT('',#3736);
#1275=VERTEX_POINT('',#3740);
#1276=VERTEX_POINT('',#3746);
#1277=VERTEX_POINT('',#3752);
#1278=VERTEX_POINT('',#3754);
#1279=VERTEX_POINT('',#3761);
#1280=VERTEX_POINT('',#3763);
#1281=VERTEX_POINT('',#3791);
#1282=VERTEX_POINT('',#3795);
#1283=VERTEX_POINT('',#3799);
#1284=VERTEX_POINT('',#3803);
#1285=VERTEX_POINT('',#3810);
#1286=VERTEX_POINT('',#3812);
#1287=VERTEX_POINT('',#3814);
#1288=VERTEX_POINT('',#3816);
#1289=VERTEX_POINT('',#3818);
#1290=VERTEX_POINT('',#3820);
#1291=VERTEX_POINT('',#3822);
#1292=VERTEX_POINT('',#3824);
#1293=VERTEX_POINT('',#3844);
#1294=VERTEX_POINT('',#3846);
#1295=VERTEX_POINT('',#3856);
#1296=VERTEX_POINT('',#3858);
#1297=VERTEX_POINT('',#3862);
#1298=VERTEX_POINT('',#3864);
#1299=VERTEX_POINT('',#3868);
#1300=VERTEX_POINT('',#3870);
#1301=VERTEX_POINT('',#3894);
#1302=VERTEX_POINT('',#3895);
#1303=VERTEX_POINT('',#3897);
#1304=VERTEX_POINT('',#3899);
#1305=VERTEX_POINT('',#3901);
#1306=VERTEX_POINT('',#3903);
#1307=VERTEX_POINT('',#3905);
#1308=VERTEX_POINT('',#3907);
#1309=VERTEX_POINT('',#3909);
#1310=VERTEX_POINT('',#3911);
#1311=VERTEX_POINT('',#3913);
#1312=VERTEX_POINT('',#3915);
#1313=VERTEX_POINT('',#3919);
#1314=VERTEX_POINT('',#3920);
#1315=VERTEX_POINT('',#3922);
#1316=VERTEX_POINT('',#3924);
#1317=VERTEX_POINT('',#3926);
#1318=VERTEX_POINT('',#3928);
#1319=VERTEX_POINT('',#3930);
#1320=VERTEX_POINT('',#3932);
#1321=VERTEX_POINT('',#3934);
#1322=VERTEX_POINT('',#3936);
#1323=VERTEX_POINT('',#3938);
#1324=VERTEX_POINT('',#3940);
#1325=VERTEX_POINT('',#3945);
#1326=VERTEX_POINT('',#3947);
#1327=VERTEX_POINT('',#3949);
#1328=VERTEX_POINT('',#3951);
#1329=VERTEX_POINT('',#3953);
#1330=VERTEX_POINT('',#3955);
#1331=VERTEX_POINT('',#3960);
#1332=VERTEX_POINT('',#3962);
#1333=VERTEX_POINT('',#3964);
#1334=VERTEX_POINT('',#3966);
#1335=VERTEX_POINT('',#3968);
#1336=VERTEX_POINT('',#3970);
#1337=VERTEX_POINT('',#3974);
#1338=VERTEX_POINT('',#3978);
#1339=VERTEX_POINT('',#3980);
#1340=VERTEX_POINT('',#3984);
#1341=VERTEX_POINT('',#3988);
#1342=VERTEX_POINT('',#3992);
#1343=VERTEX_POINT('',#3994);
#1344=VERTEX_POINT('',#3998);
#1345=VERTEX_POINT('',#4002);
#1346=VERTEX_POINT('',#4006);
#1347=VERTEX_POINT('',#4008);
#1348=VERTEX_POINT('',#4012);
#1349=VERTEX_POINT('',#4016);
#1350=VERTEX_POINT('',#4020);
#1351=VERTEX_POINT('',#4022);
#1352=VERTEX_POINT('',#4026);
#1353=VERTEX_POINT('',#4030);
#1354=VERTEX_POINT('',#4034);
#1355=VERTEX_POINT('',#4036);
#1356=VERTEX_POINT('',#4040);
#1357=VERTEX_POINT('',#4044);
#1358=VERTEX_POINT('',#4048);
#1359=VERTEX_POINT('',#4050);
#1360=VERTEX_POINT('',#4054);
#1361=VERTEX_POINT('',#4077);
#1362=VERTEX_POINT('',#4078);
#1363=VERTEX_POINT('',#4080);
#1364=VERTEX_POINT('',#4082);
#1365=VERTEX_POINT('',#4084);
#1366=VERTEX_POINT('',#4086);
#1367=VERTEX_POINT('',#4088);
#1368=VERTEX_POINT('',#4090);
#1369=VERTEX_POINT('',#4092);
#1370=VERTEX_POINT('',#4094);
#1371=VERTEX_POINT('',#4096);
#1372=VERTEX_POINT('',#4098);
#1373=VERTEX_POINT('',#4102);
#1374=VERTEX_POINT('',#4103);
#1375=VERTEX_POINT('',#4105);
#1376=VERTEX_POINT('',#4107);
#1377=VERTEX_POINT('',#4109);
#1378=VERTEX_POINT('',#4111);
#1379=VERTEX_POINT('',#4113);
#1380=VERTEX_POINT('',#4115);
#1381=VERTEX_POINT('',#4117);
#1382=VERTEX_POINT('',#4119);
#1383=VERTEX_POINT('',#4121);
#1384=VERTEX_POINT('',#4123);
#1385=VERTEX_POINT('',#4128);
#1386=VERTEX_POINT('',#4130);
#1387=VERTEX_POINT('',#4135);
#1388=VERTEX_POINT('',#4137);
#1389=VERTEX_POINT('',#4141);
#1390=VERTEX_POINT('',#4145);
#1391=VERTEX_POINT('',#4147);
#1392=VERTEX_POINT('',#4151);
#1393=VERTEX_POINT('',#4155);
#1394=VERTEX_POINT('',#4159);
#1395=VERTEX_POINT('',#4161);
#1396=VERTEX_POINT('',#4165);
#1397=LINE('',#3445,#1751);
#1398=LINE('',#3448,#1752);
#1399=LINE('',#3450,#1753);
#1400=LINE('',#3452,#1754);
#1401=LINE('',#3454,#1755);
#1402=LINE('',#3456,#1756);
#1403=LINE('',#3458,#1757);
#1404=LINE('',#3460,#1758);
#1405=LINE('',#3462,#1759);
#1406=LINE('',#3464,#1760);
#1407=LINE('',#3466,#1761);
#1408=LINE('',#3468,#1762);
#1409=LINE('',#3470,#1763);
#1410=LINE('',#3472,#1764);
#1411=LINE('',#3474,#1765);
#1412=LINE('',#3476,#1766);
#1413=LINE('',#3478,#1767);
#1414=LINE('',#3480,#1768);
#1415=LINE('',#3482,#1769);
#1416=LINE('',#3484,#1770);
#1417=LINE('',#3485,#1771);
#1418=LINE('',#3488,#1772);
#1419=LINE('',#3490,#1773);
#1420=LINE('',#3492,#1774);
#1421=LINE('',#3494,#1775);
#1422=LINE('',#3496,#1776);
#1423=LINE('',#3498,#1777);
#1424=LINE('',#3500,#1778);
#1425=LINE('',#3502,#1779);
#1426=LINE('',#3504,#1780);
#1427=LINE('',#3506,#1781);
#1428=LINE('',#3508,#1782);
#1429=LINE('',#3510,#1783);
#1430=LINE('',#3512,#1784);
#1431=LINE('',#3514,#1785);
#1432=LINE('',#3516,#1786);
#1433=LINE('',#3518,#1787);
#1434=LINE('',#3520,#1788);
#1435=LINE('',#3522,#1789);
#1436=LINE('',#3524,#1790);
#1437=LINE('',#3526,#1791);
#1438=LINE('',#3528,#1792);
#1439=LINE('',#3530,#1793);
#1440=LINE('',#3532,#1794);
#1441=LINE('',#3534,#1795);
#1442=LINE('',#3536,#1796);
#1443=LINE('',#3538,#1797);
#1444=LINE('',#3540,#1798);
#1445=LINE('',#3542,#1799);
#1446=LINE('',#3545,#1800);
#1447=LINE('',#3547,#1801);
#1448=LINE('',#3549,#1802);
#1449=LINE('',#3551,#1803);
#1450=LINE('',#3553,#1804);
#1451=LINE('',#3555,#1805);
#1452=LINE('',#3557,#1806);
#1453=LINE('',#3559,#1807);
#1454=LINE('',#3561,#1808);
#1455=LINE('',#3563,#1809);
#1456=LINE('',#3565,#1810);
#1457=LINE('',#3567,#1811);
#1458=LINE('',#3569,#1812);
#1459=LINE('',#3571,#1813);
#1460=LINE('',#3573,#1814);
#1461=LINE('',#3575,#1815);
#1462=LINE('',#3577,#1816);
#1463=LINE('',#3579,#1817);
#1464=LINE('',#3581,#1818);
#1465=LINE('',#3583,#1819);
#1466=LINE('',#3585,#1820);
#1467=LINE('',#3587,#1821);
#1468=LINE('',#3589,#1822);
#1469=LINE('',#3591,#1823);
#1470=LINE('',#3593,#1824);
#1471=LINE('',#3595,#1825);
#1472=LINE('',#3597,#1826);
#1473=LINE('',#3599,#1827);
#1474=LINE('',#3601,#1828);
#1475=LINE('',#3603,#1829);
#1476=LINE('',#3605,#1830);
#1477=LINE('',#3607,#1831);
#1478=LINE('',#3609,#1832);
#1479=LINE('',#3611,#1833);
#1480=LINE('',#3613,#1834);
#1481=LINE('',#3615,#1835);
#1482=LINE('',#3617,#1836);
#1483=LINE('',#3619,#1837);
#1484=LINE('',#3621,#1838);
#1485=LINE('',#3623,#1839);
#1486=LINE('',#3624,#1840);
#1487=LINE('',#3626,#1841);
#1488=LINE('',#3627,#1842);
#1489=LINE('',#3629,#1843);
#1490=LINE('',#3631,#1844);
#1491=LINE('',#3633,#1845);
#1492=LINE('',#3634,#1846);
#1493=LINE('',#3636,#1847);
#1494=LINE('',#3638,#1848);
#1495=LINE('',#3640,#1849);
#1496=LINE('',#3642,#1850);
#1497=LINE('',#3644,#1851);
#1498=LINE('',#3646,#1852);
#1499=LINE('',#3649,#1853);
#1500=LINE('',#3650,#1854);
#1501=LINE('',#3652,#1855);
#1502=LINE('',#3655,#1856);
#1503=LINE('',#3656,#1857);
#1504=LINE('',#3658,#1858);
#1505=LINE('',#3660,#1859);
#1506=LINE('',#3662,#1860);
#1507=LINE('',#3664,#1861);
#1508=LINE('',#3666,#1862);
#1509=LINE('',#3668,#1863);
#1510=LINE('',#3670,#1864);
#1511=LINE('',#3672,#1865);
#1512=LINE('',#3674,#1866);
#1513=LINE('',#3675,#1867);
#1514=LINE('',#3676,#1868);
#1515=LINE('',#3678,#1869);
#1516=LINE('',#3680,#1870);
#1517=LINE('',#3681,#1871);
#1518=LINE('',#3683,#1872);
#1519=LINE('',#3685,#1873);
#1520=LINE('',#3687,#1874);
#1521=LINE('',#3689,#1875);
#1522=LINE('',#3691,#1876);
#1523=LINE('',#3693,#1877);
#1524=LINE('',#3696,#1878);
#1525=LINE('',#3698,#1879);
#1526=LINE('',#3700,#1880);
#1527=LINE('',#3702,#1881);
#1528=LINE('',#3705,#1882);
#1529=LINE('',#3707,#1883);
#1530=LINE('',#3709,#1884);
#1531=LINE('',#3711,#1885);
#1532=LINE('',#3712,#1886);
#1533=LINE('',#3714,#1887);
#1534=LINE('',#3715,#1888);
#1535=LINE('',#3717,#1889);
#1536=LINE('',#3719,#1890);
#1537=LINE('',#3721,#1891);
#1538=LINE('',#3723,#1892);
#1539=LINE('',#3725,#1893);
#1540=LINE('',#3727,#1894);
#1541=LINE('',#3729,#1895);
#1542=LINE('',#3730,#1896);
#1543=LINE('',#3732,#1897);
#1544=LINE('',#3733,#1898);
#1545=LINE('',#3735,#1899);
#1546=LINE('',#3737,#1900);
#1547=LINE('',#3739,#1901);
#1548=LINE('',#3741,#1902);
#1549=LINE('',#3743,#1903);
#1550=LINE('',#3745,#1904);
#1551=LINE('',#3747,#1905);
#1552=LINE('',#3749,#1906);
#1553=LINE('',#3751,#1907);
#1554=LINE('',#3753,#1908);
#1555=LINE('',#3755,#1909);
#1556=LINE('',#3757,#1910);
#1557=LINE('',#3758,#1911);
#1558=LINE('',#3760,#1912);
#1559=LINE('',#3762,#1913);
#1560=LINE('',#3764,#1914);
#1561=LINE('',#3766,#1915);
#1562=LINE('',#3767,#1916);
#1563=LINE('',#3770,#1917);
#1564=LINE('',#3773,#1918);
#1565=LINE('',#3775,#1919);
#1566=LINE('',#3778,#1920);
#1567=LINE('',#3780,#1921);
#1568=LINE('',#3782,#1922);
#1569=LINE('',#3786,#1923);
#1570=LINE('',#3788,#1924);
#1571=LINE('',#3790,#1925);
#1572=LINE('',#3792,#1926);
#1573=LINE('',#3794,#1927);
#1574=LINE('',#3796,#1928);
#1575=LINE('',#3798,#1929);
#1576=LINE('',#3800,#1930);
#1577=LINE('',#3802,#1931);
#1578=LINE('',#3804,#1932);
#1579=LINE('',#3806,#1933);
#1580=LINE('',#3807,#1934);
#1581=LINE('',#3808,#1935);
#1582=LINE('',#3809,#1936);
#1583=LINE('',#3811,#1937);
#1584=LINE('',#3813,#1938);
#1585=LINE('',#3815,#1939);
#1586=LINE('',#3817,#1940);
#1587=LINE('',#3819,#1941);
#1588=LINE('',#3821,#1942);
#1589=LINE('',#3823,#1943);
#1590=LINE('',#3825,#1944);
#1591=LINE('',#3827,#1945);
#1592=LINE('',#3829,#1946);
#1593=LINE('',#3830,#1947);
#1594=LINE('',#3832,#1948);
#1595=LINE('',#3836,#1949);
#1596=LINE('',#3837,#1950);
#1597=LINE('',#3839,#1951);
#1598=LINE('',#3841,#1952);
#1599=LINE('',#3843,#1953);
#1600=LINE('',#3845,#1954);
#1601=LINE('',#3847,#1955);
#1602=LINE('',#3849,#1956);
#1603=LINE('',#3852,#1957);
#1604=LINE('',#3855,#1958);
#1605=LINE('',#3857,#1959);
#1606=LINE('',#3859,#1960);
#1607=LINE('',#3861,#1961);
#1608=LINE('',#3863,#1962);
#1609=LINE('',#3865,#1963);
#1610=LINE('',#3867,#1964);
#1611=LINE('',#3869,#1965);
#1612=LINE('',#3871,#1966);
#1613=LINE('',#3873,#1967);
#1614=LINE('',#3874,#1968);
#1615=LINE('',#3882,#1969);
#1616=LINE('',#3884,#1970);
#1617=LINE('',#3887,#1971);
#1618=LINE('',#3888,#1972);
#1619=LINE('',#3893,#1973);
#1620=LINE('',#3896,#1974);
#1621=LINE('',#3898,#1975);
#1622=LINE('',#3900,#1976);
#1623=LINE('',#3902,#1977);
#1624=LINE('',#3904,#1978);
#1625=LINE('',#3906,#1979);
#1626=LINE('',#3908,#1980);
#1627=LINE('',#3910,#1981);
#1628=LINE('',#3912,#1982);
#1629=LINE('',#3914,#1983);
#1630=LINE('',#3916,#1984);
#1631=LINE('',#3918,#1985);
#1632=LINE('',#3921,#1986);
#1633=LINE('',#3923,#1987);
#1634=LINE('',#3925,#1988);
#1635=LINE('',#3927,#1989);
#1636=LINE('',#3929,#1990);
#1637=LINE('',#3931,#1991);
#1638=LINE('',#3933,#1992);
#1639=LINE('',#3935,#1993);
#1640=LINE('',#3937,#1994);
#1641=LINE('',#3939,#1995);
#1642=LINE('',#3941,#1996);
#1643=LINE('',#3943,#1997);
#1644=LINE('',#3946,#1998);
#1645=LINE('',#3948,#1999);
#1646=LINE('',#3950,#2000);
#1647=LINE('',#3952,#2001);
#1648=LINE('',#3954,#2002);
#1649=LINE('',#3958,#2003);
#1650=LINE('',#3961,#2004);
#1651=LINE('',#3963,#2005);
#1652=LINE('',#3965,#2006);
#1653=LINE('',#3967,#2007);
#1654=LINE('',#3969,#2008);
#1655=LINE('',#3975,#2009);
#1656=LINE('',#3981,#2010);
#1657=LINE('',#3985,#2011);
#1658=LINE('',#3987,#2012);
#1659=LINE('',#3989,#2013);
#1660=LINE('',#3991,#2014);
#1661=LINE('',#3993,#2015);
#1662=LINE('',#3995,#2016);
#1663=LINE('',#3997,#2017);
#1664=LINE('',#3999,#2018);
#1665=LINE('',#4001,#2019);
#1666=LINE('',#4003,#2020);
#1667=LINE('',#4005,#2021);
#1668=LINE('',#4007,#2022);
#1669=LINE('',#4009,#2023);
#1670=LINE('',#4011,#2024);
#1671=LINE('',#4013,#2025);
#1672=LINE('',#4015,#2026);
#1673=LINE('',#4017,#2027);
#1674=LINE('',#4019,#2028);
#1675=LINE('',#4021,#2029);
#1676=LINE('',#4023,#2030);
#1677=LINE('',#4025,#2031);
#1678=LINE('',#4027,#2032);
#1679=LINE('',#4029,#2033);
#1680=LINE('',#4031,#2034);
#1681=LINE('',#4033,#2035);
#1682=LINE('',#4035,#2036);
#1683=LINE('',#4037,#2037);
#1684=LINE('',#4039,#2038);
#1685=LINE('',#4041,#2039);
#1686=LINE('',#4043,#2040);
#1687=LINE('',#4045,#2041);
#1688=LINE('',#4047,#2042);
#1689=LINE('',#4049,#2043);
#1690=LINE('',#4051,#2044);
#1691=LINE('',#4053,#2045);
#1692=LINE('',#4055,#2046);
#1693=LINE('',#4064,#2047);
#1694=LINE('',#4066,#2048);
#1695=LINE('',#4069,#2049);
#1696=LINE('',#4071,#2050);
#1697=LINE('',#4076,#2051);
#1698=LINE('',#4079,#2052);
#1699=LINE('',#4081,#2053);
#1700=LINE('',#4083,#2054);
#1701=LINE('',#4085,#2055);
#1702=LINE('',#4087,#2056);
#1703=LINE('',#4089,#2057);
#1704=LINE('',#4091,#2058);
#1705=LINE('',#4093,#2059);
#1706=LINE('',#4095,#2060);
#1707=LINE('',#4097,#2061);
#1708=LINE('',#4099,#2062);
#1709=LINE('',#4101,#2063);
#1710=LINE('',#4104,#2064);
#1711=LINE('',#4106,#2065);
#1712=LINE('',#4108,#2066);
#1713=LINE('',#4110,#2067);
#1714=LINE('',#4112,#2068);
#1715=LINE('',#4114,#2069);
#1716=LINE('',#4116,#2070);
#1717=LINE('',#4118,#2071);
#1718=LINE('',#4120,#2072);
#1719=LINE('',#4122,#2073);
#1720=LINE('',#4124,#2074);
#1721=LINE('',#4126,#2075);
#1722=LINE('',#4127,#2076);
#1723=LINE('',#4129,#2077);
#1724=LINE('',#4131,#2078);
#1725=LINE('',#4133,#2079);
#1726=LINE('',#4134,#2080);
#1727=LINE('',#4136,#2081);
#1728=LINE('',#4138,#2082);
#1729=LINE('',#4140,#2083);
#1730=LINE('',#4142,#2084);
#1731=LINE('',#4144,#2085);
#1732=LINE('',#4146,#2086);
#1733=LINE('',#4148,#2087);
#1734=LINE('',#4150,#2088);
#1735=LINE('',#4152,#2089);
#1736=LINE('',#4154,#2090);
#1737=LINE('',#4156,#2091);
#1738=LINE('',#4158,#2092);
#1739=LINE('',#4160,#2093);
#1740=LINE('',#4162,#2094);
#1741=LINE('',#4164,#2095);
#1742=LINE('',#4166,#2096);
#1743=LINE('',#4168,#2097);
#1744=LINE('',#4170,#2098);
#1745=LINE('',#4171,#2099);
#1746=LINE('',#4173,#2100);
#1747=LINE('',#4175,#2101);
#1748=LINE('',#4177,#2102);
#1749=LINE('',#4180,#2103);
#1750=LINE('',#4181,#2104);
#1751=VECTOR('',#2803,39.3700787401575);
#1752=VECTOR('',#2804,39.3700787401575);
#1753=VECTOR('',#2805,39.3700787401575);
#1754=VECTOR('',#2806,39.3700787401575);
#1755=VECTOR('',#2807,39.3700787401575);
#1756=VECTOR('',#2808,39.3700787401575);
#1757=VECTOR('',#2809,39.3700787401575);
#1758=VECTOR('',#2810,39.3700787401575);
#1759=VECTOR('',#2811,39.3700787401575);
#1760=VECTOR('',#2812,39.3700787401575);
#1761=VECTOR('',#2813,39.3700787401575);
#1762=VECTOR('',#2814,39.3700787401575);
#1763=VECTOR('',#2815,39.3700787401575);
#1764=VECTOR('',#2816,39.3700787401575);
#1765=VECTOR('',#2817,39.3700787401575);
#1766=VECTOR('',#2818,39.3700787401575);
#1767=VECTOR('',#2819,39.3700787401575);
#1768=VECTOR('',#2820,39.3700787401575);
#1769=VECTOR('',#2821,39.3700787401575);
#1770=VECTOR('',#2822,39.3700787401575);
#1771=VECTOR('',#2823,39.3700787401575);
#1772=VECTOR('',#2824,39.3700787401575);
#1773=VECTOR('',#2825,39.3700787401575);
#1774=VECTOR('',#2826,39.3700787401575);
#1775=VECTOR('',#2827,39.3700787401575);
#1776=VECTOR('',#2828,39.3700787401575);
#1777=VECTOR('',#2829,39.3700787401575);
#1778=VECTOR('',#2830,39.3700787401575);
#1779=VECTOR('',#2831,39.3700787401575);
#1780=VECTOR('',#2832,39.3700787401575);
#1781=VECTOR('',#2833,39.3700787401575);
#1782=VECTOR('',#2834,39.3700787401575);
#1783=VECTOR('',#2835,39.3700787401575);
#1784=VECTOR('',#2836,39.3700787401575);
#1785=VECTOR('',#2837,39.3700787401575);
#1786=VECTOR('',#2838,39.3700787401575);
#1787=VECTOR('',#2839,39.3700787401575);
#1788=VECTOR('',#2840,39.3700787401575);
#1789=VECTOR('',#2841,39.3700787401575);
#1790=VECTOR('',#2842,39.3700787401575);
#1791=VECTOR('',#2843,39.3700787401575);
#1792=VECTOR('',#2844,39.3700787401575);
#1793=VECTOR('',#2845,39.3700787401575);
#1794=VECTOR('',#2846,39.3700787401575);
#1795=VECTOR('',#2847,39.3700787401575);
#1796=VECTOR('',#2848,39.3700787401575);
#1797=VECTOR('',#2849,39.3700787401575);
#1798=VECTOR('',#2850,39.3700787401575);
#1799=VECTOR('',#2853,39.3700787401575);
#1800=VECTOR('',#2854,39.3700787401575);
#1801=VECTOR('',#2855,39.3700787401575);
#1802=VECTOR('',#2856,39.3700787401575);
#1803=VECTOR('',#2857,39.3700787401575);
#1804=VECTOR('',#2858,39.3700787401575);
#1805=VECTOR('',#2859,39.3700787401575);
#1806=VECTOR('',#2860,39.3700787401575);
#1807=VECTOR('',#2861,39.3700787401575);
#1808=VECTOR('',#2862,39.3700787401575);
#1809=VECTOR('',#2863,39.3700787401575);
#1810=VECTOR('',#2864,39.3700787401575);
#1811=VECTOR('',#2865,39.3700787401575);
#1812=VECTOR('',#2866,39.3700787401575);
#1813=VECTOR('',#2867,39.3700787401575);
#1814=VECTOR('',#2868,39.3700787401575);
#1815=VECTOR('',#2869,39.3700787401575);
#1816=VECTOR('',#2870,39.3700787401575);
#1817=VECTOR('',#2871,39.3700787401575);
#1818=VECTOR('',#2872,39.3700787401575);
#1819=VECTOR('',#2873,39.3700787401575);
#1820=VECTOR('',#2874,39.3700787401575);
#1821=VECTOR('',#2875,39.3700787401575);
#1822=VECTOR('',#2876,39.3700787401575);
#1823=VECTOR('',#2877,39.3700787401575);
#1824=VECTOR('',#2878,39.3700787401575);
#1825=VECTOR('',#2879,39.3700787401575);
#1826=VECTOR('',#2880,39.3700787401575);
#1827=VECTOR('',#2881,39.3700787401575);
#1828=VECTOR('',#2882,39.3700787401575);
#1829=VECTOR('',#2883,39.3700787401575);
#1830=VECTOR('',#2884,39.3700787401575);
#1831=VECTOR('',#2885,39.3700787401575);
#1832=VECTOR('',#2886,39.3700787401575);
#1833=VECTOR('',#2887,39.3700787401575);
#1834=VECTOR('',#2888,39.3700787401575);
#1835=VECTOR('',#2889,39.3700787401575);
#1836=VECTOR('',#2890,39.3700787401575);
#1837=VECTOR('',#2891,39.3700787401575);
#1838=VECTOR('',#2892,39.3700787401575);
#1839=VECTOR('',#2895,39.3700787401575);
#1840=VECTOR('',#2896,39.3700787401575);
#1841=VECTOR('',#2899,39.3700787401575);
#1842=VECTOR('',#2900,39.3700787401575);
#1843=VECTOR('',#2901,39.3700787401575);
#1844=VECTOR('',#2902,39.3700787401575);
#1845=VECTOR('',#2905,39.3700787401575);
#1846=VECTOR('',#2906,39.3700787401575);
#1847=VECTOR('',#2907,39.3700787401575);
#1848=VECTOR('',#2908,39.3700787401575);
#1849=VECTOR('',#2911,39.3700787401575);
#1850=VECTOR('',#2912,39.3700787401575);
#1851=VECTOR('',#2913,39.3700787401575);
#1852=VECTOR('',#2916,39.3700787401575);
#1853=VECTOR('',#2917,39.3700787401575);
#1854=VECTOR('',#2918,39.3700787401575);
#1855=VECTOR('',#2921,39.3700787401575);
#1856=VECTOR('',#2922,39.3700787401575);
#1857=VECTOR('',#2923,39.3700787401575);
#1858=VECTOR('',#2926,39.3700787401575);
#1859=VECTOR('',#2927,39.3700787401575);
#1860=VECTOR('',#2928,39.3700787401575);
#1861=VECTOR('',#2931,39.3700787401575);
#1862=VECTOR('',#2932,39.3700787401575);
#1863=VECTOR('',#2935,39.3700787401575);
#1864=VECTOR('',#2936,39.3700787401575);
#1865=VECTOR('',#2937,39.3700787401575);
#1866=VECTOR('',#2940,39.3700787401575);
#1867=VECTOR('',#2941,39.3700787401575);
#1868=VECTOR('',#2942,39.3700787401575);
#1869=VECTOR('',#2943,39.3700787401575);
#1870=VECTOR('',#2944,39.3700787401575);
#1871=VECTOR('',#2945,39.3700787401575);
#1872=VECTOR('',#2946,39.3700787401575);
#1873=VECTOR('',#2947,39.3700787401575);
#1874=VECTOR('',#2950,39.3700787401575);
#1875=VECTOR('',#2951,39.3700787401575);
#1876=VECTOR('',#2952,39.3700787401575);
#1877=VECTOR('',#2955,39.3700787401575);
#1878=VECTOR('',#2956,39.3700787401575);
#1879=VECTOR('',#2957,39.3700787401575);
#1880=VECTOR('',#2958,39.3700787401575);
#1881=VECTOR('',#2961,39.3700787401575);
#1882=VECTOR('',#2962,39.3700787401575);
#1883=VECTOR('',#2963,39.3700787401575);
#1884=VECTOR('',#2964,39.3700787401575);
#1885=VECTOR('',#2967,39.3700787401575);
#1886=VECTOR('',#2968,39.3700787401575);
#1887=VECTOR('',#2971,39.3700787401575);
#1888=VECTOR('',#2972,39.3700787401575);
#1889=VECTOR('',#2975,39.3700787401575);
#1890=VECTOR('',#2976,39.3700787401575);
#1891=VECTOR('',#2977,39.3700787401575);
#1892=VECTOR('',#2980,39.3700787401575);
#1893=VECTOR('',#2981,39.3700787401575);
#1894=VECTOR('',#2982,39.3700787401575);
#1895=VECTOR('',#2985,39.3700787401575);
#1896=VECTOR('',#2986,39.3700787401575);
#1897=VECTOR('',#2989,39.3700787401575);
#1898=VECTOR('',#2990,39.3700787401575);
#1899=VECTOR('',#2993,39.3700787401575);
#1900=VECTOR('',#2994,39.3700787401575);
#1901=VECTOR('',#2997,39.3700787401575);
#1902=VECTOR('',#2998,39.3700787401575);
#1903=VECTOR('',#3001,39.3700787401575);
#1904=VECTOR('',#3004,39.3700787401575);
#1905=VECTOR('',#3005,39.3700787401575);
#1906=VECTOR('',#3008,39.3700787401575);
#1907=VECTOR('',#3011,39.3700787401575);
#1908=VECTOR('',#3012,39.3700787401575);
#1909=VECTOR('',#3013,39.3700787401575);
#1910=VECTOR('',#3016,39.3700787401575);
#1911=VECTOR('',#3017,39.3700787401575);
#1912=VECTOR('',#3020,39.3700787401575);
#1913=VECTOR('',#3021,39.3700787401575);
#1914=VECTOR('',#3022,39.3700787401575);
#1915=VECTOR('',#3025,39.3700787401575);
#1916=VECTOR('',#3026,39.3700787401575);
#1917=VECTOR('',#3031,39.3700787401575);
#1918=VECTOR('',#3036,39.3700787401575);
#1919=VECTOR('',#3039,39.3700787401575);
#1920=VECTOR('',#3044,39.3700787401575);
#1921=VECTOR('',#3047,39.3700787401575);
#1922=VECTOR('',#3050,39.3700787401575);
#1923=VECTOR('',#3057,39.3700787401575);
#1924=VECTOR('',#3060,39.3700787401575);
#1925=VECTOR('',#3063,39.3700787401575);
#1926=VECTOR('',#3064,39.3700787401575);
#1927=VECTOR('',#3067,39.3700787401575);
#1928=VECTOR('',#3068,39.3700787401575);
#1929=VECTOR('',#3071,39.3700787401575);
#1930=VECTOR('',#3072,39.3700787401575);
#1931=VECTOR('',#3075,39.3700787401575);
#1932=VECTOR('',#3076,39.3700787401575);
#1933=VECTOR('',#3079,39.3700787401575);
#1934=VECTOR('',#3080,39.3700787401575);
#1935=VECTOR('',#3081,39.3700787401575);
#1936=VECTOR('',#3082,39.3700787401575);
#1937=VECTOR('',#3083,39.3700787401575);
#1938=VECTOR('',#3084,39.3700787401575);
#1939=VECTOR('',#3085,39.3700787401575);
#1940=VECTOR('',#3086,39.3700787401575);
#1941=VECTOR('',#3087,39.3700787401575);
#1942=VECTOR('',#3088,39.3700787401575);
#1943=VECTOR('',#3089,39.3700787401575);
#1944=VECTOR('',#3090,39.3700787401575);
#1945=VECTOR('',#3093,39.3700787401575);
#1946=VECTOR('',#3096,39.3700787401575);
#1947=VECTOR('',#3097,39.3700787401575);
#1948=VECTOR('',#3100,39.3700787401575);
#1949=VECTOR('',#3107,39.3700787401575);
#1950=VECTOR('',#3108,39.3700787401575);
#1951=VECTOR('',#3111,39.3700787401575);
#1952=VECTOR('',#3114,39.3700787401575);
#1953=VECTOR('',#3117,39.3700787401575);
#1954=VECTOR('',#3118,39.3700787401575);
#1955=VECTOR('',#3119,39.3700787401575);
#1956=VECTOR('',#3122,39.3700787401575);
#1957=VECTOR('',#3127,39.3700787401575);
#1958=VECTOR('',#3132,39.3700787401575);
#1959=VECTOR('',#3133,39.3700787401575);
#1960=VECTOR('',#3134,39.3700787401575);
#1961=VECTOR('',#3137,39.3700787401575);
#1962=VECTOR('',#3138,39.3700787401575);
#1963=VECTOR('',#3139,39.3700787401575);
#1964=VECTOR('',#3142,39.3700787401575);
#1965=VECTOR('',#3143,39.3700787401575);
#1966=VECTOR('',#3144,39.3700787401575);
#1967=VECTOR('',#3147,39.3700787401575);
#1968=VECTOR('',#3148,39.3700787401575);
#1969=VECTOR('',#3163,39.3700787401575);
#1970=VECTOR('',#3166,39.3700787401575);
#1971=VECTOR('',#3171,39.3700787401575);
#1972=VECTOR('',#3172,39.3700787401575);
#1973=VECTOR('',#3181,39.3700787401575);
#1974=VECTOR('',#3182,39.3700787401575);
#1975=VECTOR('',#3183,39.3700787401575);
#1976=VECTOR('',#3184,39.3700787401575);
#1977=VECTOR('',#3185,39.3700787401575);
#1978=VECTOR('',#3186,39.3700787401575);
#1979=VECTOR('',#3187,39.3700787401575);
#1980=VECTOR('',#3188,39.3700787401575);
#1981=VECTOR('',#3189,39.3700787401575);
#1982=VECTOR('',#3190,39.3700787401575);
#1983=VECTOR('',#3191,39.3700787401575);
#1984=VECTOR('',#3192,39.3700787401575);
#1985=VECTOR('',#3195,39.3700787401575);
#1986=VECTOR('',#3196,39.3700787401575);
#1987=VECTOR('',#3197,39.3700787401575);
#1988=VECTOR('',#3198,39.3700787401575);
#1989=VECTOR('',#3199,39.3700787401575);
#1990=VECTOR('',#3200,39.3700787401575);
#1991=VECTOR('',#3201,39.3700787401575);
#1992=VECTOR('',#3202,39.3700787401575);
#1993=VECTOR('',#3203,39.3700787401575);
#1994=VECTOR('',#3204,39.3700787401575);
#1995=VECTOR('',#3205,39.3700787401575);
#1996=VECTOR('',#3206,39.3700787401575);
#1997=VECTOR('',#3209,39.3700787401575);
#1998=VECTOR('',#3212,39.3700787401575);
#1999=VECTOR('',#3213,39.3700787401575);
#2000=VECTOR('',#3214,39.3700787401575);
#2001=VECTOR('',#3215,39.3700787401575);
#2002=VECTOR('',#3216,39.3700787401575);
#2003=VECTOR('',#3221,39.3700787401575);
#2004=VECTOR('',#3224,39.3700787401575);
#2005=VECTOR('',#3225,39.3700787401575);
#2006=VECTOR('',#3226,39.3700787401575);
#2007=VECTOR('',#3227,39.3700787401575);
#2008=VECTOR('',#3228,39.3700787401575);
#2009=VECTOR('',#3235,39.3700787401575);
#2010=VECTOR('',#3242,39.3700787401575);
#2011=VECTOR('',#3247,39.3700787401575);
#2012=VECTOR('',#3250,39.3700787401575);
#2013=VECTOR('',#3251,39.3700787401575);
#2014=VECTOR('',#3254,39.3700787401575);
#2015=VECTOR('',#3255,39.3700787401575);
#2016=VECTOR('',#3256,39.3700787401575);
#2017=VECTOR('',#3259,39.3700787401575);
#2018=VECTOR('',#3260,39.3700787401575);
#2019=VECTOR('',#3263,39.3700787401575);
#2020=VECTOR('',#3264,39.3700787401575);
#2021=VECTOR('',#3267,39.3700787401575);
#2022=VECTOR('',#3268,39.3700787401575);
#2023=VECTOR('',#3269,39.3700787401575);
#2024=VECTOR('',#3272,39.3700787401575);
#2025=VECTOR('',#3273,39.3700787401575);
#2026=VECTOR('',#3276,39.3700787401575);
#2027=VECTOR('',#3277,39.3700787401575);
#2028=VECTOR('',#3280,39.3700787401575);
#2029=VECTOR('',#3281,39.3700787401575);
#2030=VECTOR('',#3282,39.3700787401575);
#2031=VECTOR('',#3285,39.3700787401575);
#2032=VECTOR('',#3286,39.3700787401575);
#2033=VECTOR('',#3289,39.3700787401575);
#2034=VECTOR('',#3290,39.3700787401575);
#2035=VECTOR('',#3293,39.3700787401575);
#2036=VECTOR('',#3294,39.3700787401575);
#2037=VECTOR('',#3295,39.3700787401575);
#2038=VECTOR('',#3298,39.3700787401575);
#2039=VECTOR('',#3299,39.3700787401575);
#2040=VECTOR('',#3302,39.3700787401575);
#2041=VECTOR('',#3303,39.3700787401575);
#2042=VECTOR('',#3306,39.3700787401575);
#2043=VECTOR('',#3307,39.3700787401575);
#2044=VECTOR('',#3308,39.3700787401575);
#2045=VECTOR('',#3311,39.3700787401575);
#2046=VECTOR('',#3312,39.3700787401575);
#2047=VECTOR('',#3329,39.3700787401575);
#2048=VECTOR('',#3332,39.3700787401575);
#2049=VECTOR('',#3337,39.3700787401575);
#2050=VECTOR('',#3340,39.3700787401575);
#2051=VECTOR('',#3349,39.3700787401575);
#2052=VECTOR('',#3350,39.3700787401575);
#2053=VECTOR('',#3351,39.3700787401575);
#2054=VECTOR('',#3352,39.3700787401575);
#2055=VECTOR('',#3353,39.3700787401575);
#2056=VECTOR('',#3354,39.3700787401575);
#2057=VECTOR('',#3355,39.3700787401575);
#2058=VECTOR('',#3356,39.3700787401575);
#2059=VECTOR('',#3357,39.3700787401575);
#2060=VECTOR('',#3358,39.3700787401575);
#2061=VECTOR('',#3359,39.3700787401575);
#2062=VECTOR('',#3360,39.3700787401575);
#2063=VECTOR('',#3363,39.3700787401575);
#2064=VECTOR('',#3364,39.3700787401575);
#2065=VECTOR('',#3365,39.3700787401575);
#2066=VECTOR('',#3366,39.3700787401575);
#2067=VECTOR('',#3367,39.3700787401575);
#2068=VECTOR('',#3368,39.3700787401575);
#2069=VECTOR('',#3369,39.3700787401575);
#2070=VECTOR('',#3370,39.3700787401575);
#2071=VECTOR('',#3371,39.3700787401575);
#2072=VECTOR('',#3372,39.3700787401575);
#2073=VECTOR('',#3373,39.3700787401575);
#2074=VECTOR('',#3374,39.3700787401575);
#2075=VECTOR('',#3377,39.3700787401575);
#2076=VECTOR('',#3378,39.3700787401575);
#2077=VECTOR('',#3379,39.3700787401575);
#2078=VECTOR('',#3380,39.3700787401575);
#2079=VECTOR('',#3383,39.3700787401575);
#2080=VECTOR('',#3384,39.3700787401575);
#2081=VECTOR('',#3385,39.3700787401575);
#2082=VECTOR('',#3386,39.3700787401575);
#2083=VECTOR('',#3389,39.3700787401575);
#2084=VECTOR('',#3390,39.3700787401575);
#2085=VECTOR('',#3393,39.3700787401575);
#2086=VECTOR('',#3394,39.3700787401575);
#2087=VECTOR('',#3395,39.3700787401575);
#2088=VECTOR('',#3398,39.3700787401575);
#2089=VECTOR('',#3399,39.3700787401575);
#2090=VECTOR('',#3402,39.3700787401575);
#2091=VECTOR('',#3403,39.3700787401575);
#2092=VECTOR('',#3406,39.3700787401575);
#2093=VECTOR('',#3407,39.3700787401575);
#2094=VECTOR('',#3408,39.3700787401575);
#2095=VECTOR('',#3411,39.3700787401575);
#2096=VECTOR('',#3412,39.3700787401575);
#2097=VECTOR('',#3415,39.3700787401575);
#2098=VECTOR('',#3418,39.3700787401575);
#2099=VECTOR('',#3419,39.3700787401575);
#2100=VECTOR('',#3422,39.3700787401575);
#2101=VECTOR('',#3425,39.3700787401575);
#2102=VECTOR('',#3428,39.3700787401575);
#2103=VECTOR('',#3433,39.3700787401575);
#2104=VECTOR('',#3434,39.3700787401575);
#2105=EDGE_LOOP('',(#55,#56,#57,#58,#59,#60,#61,#62,#63,#64,#65,#66,#67,
#68,#69,#70,#71,#72,#73,#74));
#2106=EDGE_LOOP('',(#75,#76,#77,#78,#79,#80,#81,#82,#83,#84,#85,#86,#87,
#88,#89,#90,#91,#92,#93,#94,#95,#96,#97,#98,#99,#100,#101,#102));
#2107=EDGE_LOOP('',(#103,#104,#105,#106,#107,#108,#109,#110,#111,#112,#113,
#114,#115,#116,#117,#118,#119,#120,#121,#122,#123,#124,#125,#126,#127,#128,
#129,#130,#131,#132,#133,#134,#135,#136,#137,#138,#139,#140,#141,#142));
#2108=EDGE_LOOP('',(#143,#144,#145,#146));
#2109=EDGE_LOOP('',(#147,#148,#149,#150,#151,#152));
#2110=EDGE_LOOP('',(#153,#154,#155,#156,#157,#158));
#2111=EDGE_LOOP('',(#159,#160,#161,#162));
#2112=EDGE_LOOP('',(#163,#164,#165,#166));
#2113=EDGE_LOOP('',(#167,#168,#169,#170));
#2114=EDGE_LOOP('',(#171,#172,#173,#174));
#2115=EDGE_LOOP('',(#175,#176,#177,#178));
#2116=EDGE_LOOP('',(#179,#180,#181,#182));
#2117=EDGE_LOOP('',(#183,#184,#185,#186,#187,#188,#189,#190,#191,#192,#193,
#194));
#2118=EDGE_LOOP('',(#195,#196,#197,#198));
#2119=EDGE_LOOP('',(#199,#200,#201,#202));
#2120=EDGE_LOOP('',(#203,#204,#205,#206));
#2121=EDGE_LOOP('',(#207,#208,#209,#210));
#2122=EDGE_LOOP('',(#211,#212,#213,#214));
#2123=EDGE_LOOP('',(#215,#216,#217,#218));
#2124=EDGE_LOOP('',(#219,#220,#221,#222));
#2125=EDGE_LOOP('',(#223,#224,#225,#226));
#2126=EDGE_LOOP('',(#227,#228,#229,#230));
#2127=EDGE_LOOP('',(#231,#232,#233,#234));
#2128=EDGE_LOOP('',(#235,#236,#237,#238));
#2129=EDGE_LOOP('',(#239,#240,#241,#242));
#2130=EDGE_LOOP('',(#243,#244,#245,#246));
#2131=EDGE_LOOP('',(#247,#248,#249,#250));
#2132=EDGE_LOOP('',(#251,#252,#253,#254));
#2133=EDGE_LOOP('',(#255,#256,#257,#258));
#2134=EDGE_LOOP('',(#259,#260,#261,#262));
#2135=EDGE_LOOP('',(#263,#264,#265,#266));
#2136=EDGE_LOOP('',(#267,#268,#269,#270,#271,#272,#273,#274));
#2137=EDGE_LOOP('',(#275,#276,#277,#278,#279,#280));
#2138=EDGE_LOOP('',(#281,#282,#283,#284));
#2139=EDGE_LOOP('',(#285,#286,#287,#288,#289,#290));
#2140=EDGE_LOOP('',(#291,#292,#293,#294));
#2141=EDGE_LOOP('',(#295,#296,#297,#298));
#2142=EDGE_LOOP('',(#299,#300,#301,#302,#303,#304));
#2143=EDGE_LOOP('',(#305,#306,#307,#308));
#2144=EDGE_LOOP('',(#309,#310,#311,#312,#313,#314));
#2145=EDGE_LOOP('',(#315,#316,#317,#318));
#2146=EDGE_LOOP('',(#319,#320,#321,#322));
#2147=EDGE_LOOP('',(#323,#324,#325,#326));
#2148=EDGE_LOOP('',(#327,#328,#329,#330));
#2149=EDGE_LOOP('',(#331,#332,#333,#334));
#2150=EDGE_LOOP('',(#335,#336,#337,#338));
#2151=EDGE_LOOP('',(#339,#340,#341,#342));
#2152=EDGE_LOOP('',(#343,#344,#345,#346));
#2153=EDGE_LOOP('',(#347,#348,#349,#350,#351,#352,#353,#354,#355,#356,#357,
#358,#359,#360,#361,#362,#363,#364,#365,#366));
#2154=EDGE_LOOP('',(#367,#368,#369,#370));
#2155=EDGE_LOOP('',(#371,#372,#373,#374));
#2156=EDGE_LOOP('',(#375,#376,#377,#378));
#2157=EDGE_LOOP('',(#379,#380,#381,#382));
#2158=EDGE_LOOP('',(#383,#384,#385,#386));
#2159=EDGE_LOOP('',(#387,#388,#389,#390));
#2160=EDGE_LOOP('',(#391,#392,#393,#394));
#2161=EDGE_LOOP('',(#395,#396,#397,#398));
#2162=EDGE_LOOP('',(#399,#400,#401,#402,#403,#404,#405,#406,#407,#408,#409,
#410,#411,#412,#413,#414));
#2163=EDGE_LOOP('',(#415,#416,#417,#418));
#2164=EDGE_LOOP('',(#419,#420,#421,#422));
#2165=EDGE_LOOP('',(#423,#424,#425,#426));
#2166=EDGE_LOOP('',(#427,#428,#429,#430));
#2167=EDGE_LOOP('',(#431,#432,#433,#434));
#2168=EDGE_LOOP('',(#435,#436,#437,#438));
#2169=EDGE_LOOP('',(#439,#440,#441,#442));
#2170=EDGE_LOOP('',(#443,#444,#445,#446));
#2171=EDGE_LOOP('',(#447,#448,#449,#450,#451,#452));
#2172=EDGE_LOOP('',(#453,#454,#455,#456,#457,#458));
#2173=EDGE_LOOP('',(#459,#460,#461,#462));
#2174=EDGE_LOOP('',(#463,#464,#465,#466));
#2175=EDGE_LOOP('',(#467,#468,#469,#470));
#2176=EDGE_LOOP('',(#471,#472,#473,#474));
#2177=EDGE_LOOP('',(#475,#476,#477,#478));
#2178=EDGE_LOOP('',(#479,#480,#481,#482));
#2179=EDGE_LOOP('',(#483,#484,#485,#486));
#2180=EDGE_LOOP('',(#487,#488,#489,#490));
#2181=EDGE_LOOP('',(#491,#492,#493,#494));
#2182=EDGE_LOOP('',(#495,#496,#497,#498));
#2183=EDGE_LOOP('',(#499,#500,#501,#502,#503,#504,#505,#506,#507,#508,#509,
#510));
#2184=EDGE_LOOP('',(#511,#512,#513,#514,#515,#516,#517,#518,#519,#520,#521,
#522));
#2185=EDGE_LOOP('',(#523,#524,#525,#526,#527,#528,#529,#530,#531,#532));
#2186=EDGE_LOOP('',(#533,#534,#535,#536,#537,#538,#539,#540,#541,#542));
#2187=EDGE_LOOP('',(#543,#544,#545,#546));
#2188=EDGE_LOOP('',(#547,#548,#549,#550));
#2189=EDGE_LOOP('',(#551,#552,#553,#554));
#2190=EDGE_LOOP('',(#555,#556,#557,#558));
#2191=EDGE_LOOP('',(#559,#560,#561,#562));
#2192=EDGE_LOOP('',(#563,#564,#565,#566));
#2193=EDGE_LOOP('',(#567,#568,#569,#570));
#2194=EDGE_LOOP('',(#571,#572,#573,#574));
#2195=EDGE_LOOP('',(#575,#576,#577,#578));
#2196=EDGE_LOOP('',(#579,#580,#581,#582));
#2197=EDGE_LOOP('',(#583,#584,#585,#586));
#2198=EDGE_LOOP('',(#587,#588,#589,#590));
#2199=EDGE_LOOP('',(#591,#592,#593,#594));
#2200=EDGE_LOOP('',(#595,#596,#597,#598));
#2201=EDGE_LOOP('',(#599,#600,#601,#602));
#2202=EDGE_LOOP('',(#603,#604,#605,#606));
#2203=EDGE_LOOP('',(#607,#608,#609,#610));
#2204=EDGE_LOOP('',(#611,#612,#613,#614));
#2205=EDGE_LOOP('',(#615,#616,#617,#618));
#2206=EDGE_LOOP('',(#619,#620,#621,#622));
#2207=EDGE_LOOP('',(#623,#624,#625,#626));
#2208=EDGE_LOOP('',(#627,#628,#629,#630,#631,#632,#633,#634,#635,#636));
#2209=EDGE_LOOP('',(#637,#638,#639,#640));
#2210=EDGE_LOOP('',(#641,#642,#643,#644,#645,#646,#647,#648,#649,#650));
#2211=EDGE_LOOP('',(#651,#652,#653,#654,#655,#656,#657,#658,#659,#660));
#2212=EDGE_LOOP('',(#661,#662,#663,#664));
#2213=EDGE_LOOP('',(#665,#666,#667,#668,#669,#670,#671,#672,#673,#674));
#2214=EDGE_LOOP('',(#675,#676,#677,#678));
#2215=EDGE_LOOP('',(#679,#680,#681,#682,#683,#684,#685,#686,#687,#688,#689,
#690));
#2216=EDGE_LOOP('',(#691,#692,#693,#694,#695,#696,#697,#698,#699,#700,#701,
#702));
#2217=EDGE_LOOP('',(#703,#704,#705,#706,#707,#708));
#2218=EDGE_LOOP('',(#709,#710,#711,#712,#713,#714));
#2219=EDGE_LOOP('',(#715,#716,#717,#718));
#2220=EDGE_LOOP('',(#719,#720,#721,#722));
#2221=EDGE_LOOP('',(#723,#724,#725,#726));
#2222=EDGE_LOOP('',(#727,#728,#729,#730));
#2223=EDGE_LOOP('',(#731,#732,#733,#734));
#2224=EDGE_LOOP('',(#735,#736,#737,#738));
#2225=EDGE_LOOP('',(#739,#740,#741,#742));
#2226=EDGE_LOOP('',(#743,#744,#745,#746));
#2227=EDGE_LOOP('',(#747,#748,#749,#750));
#2228=EDGE_LOOP('',(#751,#752,#753,#754,#755,#756));
#2229=EDGE_LOOP('',(#757,#758,#759,#760,#761,#762));
#2230=EDGE_LOOP('',(#763,#764,#765,#766));
#2231=EDGE_LOOP('',(#767,#768,#769,#770));
#2232=EDGE_LOOP('',(#771,#772,#773,#774,#775,#776));
#2233=EDGE_LOOP('',(#777,#778,#779,#780,#781,#782));
#2234=EDGE_LOOP('',(#783,#784,#785,#786));
#2235=FACE_BOUND('',#2105,.T.);
#2236=FACE_BOUND('',#2106,.T.);
#2237=FACE_BOUND('',#2107,.T.);
#2238=FACE_BOUND('',#2108,.T.);
#2239=FACE_BOUND('',#2109,.T.);
#2240=FACE_BOUND('',#2110,.T.);
#2241=FACE_BOUND('',#2111,.T.);
#2242=FACE_BOUND('',#2112,.T.);
#2243=FACE_BOUND('',#2113,.T.);
#2244=FACE_BOUND('',#2114,.T.);
#2245=FACE_BOUND('',#2115,.T.);
#2246=FACE_BOUND('',#2116,.T.);
#2247=FACE_BOUND('',#2117,.T.);
#2248=FACE_BOUND('',#2118,.T.);
#2249=FACE_BOUND('',#2119,.T.);
#2250=FACE_BOUND('',#2120,.T.);
#2251=FACE_BOUND('',#2121,.T.);
#2252=FACE_BOUND('',#2122,.T.);
#2253=FACE_BOUND('',#2123,.T.);
#2254=FACE_BOUND('',#2124,.T.);
#2255=FACE_BOUND('',#2125,.T.);
#2256=FACE_BOUND('',#2126,.T.);
#2257=FACE_BOUND('',#2127,.T.);
#2258=FACE_BOUND('',#2128,.T.);
#2259=FACE_BOUND('',#2129,.T.);
#2260=FACE_BOUND('',#2130,.T.);
#2261=FACE_BOUND('',#2131,.T.);
#2262=FACE_BOUND('',#2132,.T.);
#2263=FACE_BOUND('',#2133,.T.);
#2264=FACE_BOUND('',#2134,.T.);
#2265=FACE_BOUND('',#2135,.T.);
#2266=FACE_BOUND('',#2136,.T.);
#2267=FACE_BOUND('',#2137,.T.);
#2268=FACE_BOUND('',#2138,.T.);
#2269=FACE_BOUND('',#2139,.T.);
#2270=FACE_BOUND('',#2140,.T.);
#2271=FACE_BOUND('',#2141,.T.);
#2272=FACE_BOUND('',#2142,.T.);
#2273=FACE_BOUND('',#2143,.T.);
#2274=FACE_BOUND('',#2144,.T.);
#2275=FACE_BOUND('',#2145,.T.);
#2276=FACE_BOUND('',#2146,.T.);
#2277=FACE_BOUND('',#2147,.T.);
#2278=FACE_BOUND('',#2148,.T.);
#2279=FACE_BOUND('',#2149,.T.);
#2280=FACE_BOUND('',#2150,.T.);
#2281=FACE_BOUND('',#2151,.T.);
#2282=FACE_BOUND('',#2152,.T.);
#2283=FACE_BOUND('',#2153,.T.);
#2284=FACE_BOUND('',#2154,.T.);
#2285=FACE_BOUND('',#2155,.T.);
#2286=FACE_BOUND('',#2156,.T.);
#2287=FACE_BOUND('',#2157,.T.);
#2288=FACE_BOUND('',#2158,.T.);
#2289=FACE_BOUND('',#2159,.T.);
#2290=FACE_BOUND('',#2160,.T.);
#2291=FACE_BOUND('',#2161,.T.);
#2292=FACE_BOUND('',#2162,.T.);
#2293=FACE_BOUND('',#2163,.T.);
#2294=FACE_BOUND('',#2164,.T.);
#2295=FACE_BOUND('',#2165,.T.);
#2296=FACE_BOUND('',#2166,.T.);
#2297=FACE_BOUND('',#2167,.T.);
#2298=FACE_BOUND('',#2168,.T.);
#2299=FACE_BOUND('',#2169,.T.);
#2300=FACE_BOUND('',#2170,.T.);
#2301=FACE_BOUND('',#2171,.T.);
#2302=FACE_BOUND('',#2172,.T.);
#2303=FACE_BOUND('',#2173,.T.);
#2304=FACE_BOUND('',#2174,.T.);
#2305=FACE_BOUND('',#2175,.T.);
#2306=FACE_BOUND('',#2176,.T.);
#2307=FACE_BOUND('',#2177,.T.);
#2308=FACE_BOUND('',#2178,.T.);
#2309=FACE_BOUND('',#2179,.T.);
#2310=FACE_BOUND('',#2180,.T.);
#2311=FACE_BOUND('',#2181,.T.);
#2312=FACE_BOUND('',#2182,.T.);
#2313=FACE_BOUND('',#2183,.T.);
#2314=FACE_BOUND('',#2184,.T.);
#2315=FACE_BOUND('',#2185,.T.);
#2316=FACE_BOUND('',#2186,.T.);
#2317=FACE_BOUND('',#2187,.T.);
#2318=FACE_BOUND('',#2188,.T.);
#2319=FACE_BOUND('',#2189,.T.);
#2320=FACE_BOUND('',#2190,.T.);
#2321=FACE_BOUND('',#2191,.T.);
#2322=FACE_BOUND('',#2192,.T.);
#2323=FACE_BOUND('',#2193,.T.);
#2324=FACE_BOUND('',#2194,.T.);
#2325=FACE_BOUND('',#2195,.T.);
#2326=FACE_BOUND('',#2196,.T.);
#2327=FACE_BOUND('',#2197,.T.);
#2328=FACE_BOUND('',#2198,.T.);
#2329=FACE_BOUND('',#2199,.T.);
#2330=FACE_BOUND('',#2200,.T.);
#2331=FACE_BOUND('',#2201,.T.);
#2332=FACE_BOUND('',#2202,.T.);
#2333=FACE_BOUND('',#2203,.T.);
#2334=FACE_BOUND('',#2204,.T.);
#2335=FACE_BOUND('',#2205,.T.);
#2336=FACE_BOUND('',#2206,.T.);
#2337=FACE_BOUND('',#2207,.T.);
#2338=FACE_BOUND('',#2208,.T.);
#2339=FACE_BOUND('',#2209,.T.);
#2340=FACE_BOUND('',#2210,.T.);
#2341=FACE_BOUND('',#2211,.T.);
#2342=FACE_BOUND('',#2212,.T.);
#2343=FACE_BOUND('',#2213,.T.);
#2344=FACE_BOUND('',#2214,.T.);
#2345=FACE_BOUND('',#2215,.T.);
#2346=FACE_BOUND('',#2216,.T.);
#2347=FACE_BOUND('',#2217,.T.);
#2348=FACE_BOUND('',#2218,.T.);
#2349=FACE_BOUND('',#2219,.T.);
#2350=FACE_BOUND('',#2220,.T.);
#2351=FACE_BOUND('',#2221,.T.);
#2352=FACE_BOUND('',#2222,.T.);
#2353=FACE_BOUND('',#2223,.T.);
#2354=FACE_BOUND('',#2224,.T.);
#2355=FACE_BOUND('',#2225,.T.);
#2356=FACE_BOUND('',#2226,.T.);
#2357=FACE_BOUND('',#2227,.T.);
#2358=FACE_BOUND('',#2228,.T.);
#2359=FACE_BOUND('',#2229,.T.);
#2360=FACE_BOUND('',#2230,.T.);
#2361=FACE_BOUND('',#2231,.T.);
#2362=FACE_BOUND('',#2232,.T.);
#2363=FACE_BOUND('',#2233,.T.);
#2364=FACE_BOUND('',#2234,.T.);
#2365=PLANE('',#2655);
#2366=PLANE('',#2656);
#2367=PLANE('',#2657);
#2368=PLANE('',#2658);
#2369=PLANE('',#2659);
#2370=PLANE('',#2660);
#2371=PLANE('',#2661);
#2372=PLANE('',#2662);
#2373=PLANE('',#2663);
#2374=PLANE('',#2664);
#2375=PLANE('',#2665);
#2376=PLANE('',#2666);
#2377=PLANE('',#2667);
#2378=PLANE('',#2668);
#2379=PLANE('',#2669);
#2380=PLANE('',#2670);
#2381=PLANE('',#2671);
#2382=PLANE('',#2672);
#2383=PLANE('',#2673);
#2384=PLANE('',#2674);
#2385=PLANE('',#2675);
#2386=PLANE('',#2676);
#2387=PLANE('',#2677);
#2388=PLANE('',#2678);
#2389=PLANE('',#2679);
#2390=PLANE('',#2680);
#2391=PLANE('',#2681);
#2392=PLANE('',#2682);
#2393=PLANE('',#2683);
#2394=PLANE('',#2684);
#2395=PLANE('',#2685);
#2396=PLANE('',#2686);
#2397=PLANE('',#2687);
#2398=PLANE('',#2688);
#2399=PLANE('',#2689);
#2400=PLANE('',#2690);
#2401=PLANE('',#2691);
#2402=PLANE('',#2692);
#2403=PLANE('',#2693);
#2404=PLANE('',#2694);
#2405=PLANE('',#2695);
#2406=PLANE('',#2696);
#2407=PLANE('',#2697);
#2408=PLANE('',#2698);
#2409=PLANE('',#2699);
#2410=PLANE('',#2700);
#2411=PLANE('',#2701);
#2412=PLANE('',#2702);
#2413=PLANE('',#2703);
#2414=PLANE('',#2704);
#2415=PLANE('',#2705);
#2416=PLANE('',#2706);
#2417=PLANE('',#2707);
#2418=PLANE('',#2708);
#2419=PLANE('',#2709);
#2420=PLANE('',#2710);
#2421=PLANE('',#2711);
#2422=PLANE('',#2712);
#2423=PLANE('',#2713);
#2424=PLANE('',#2714);
#2425=PLANE('',#2715);
#2426=PLANE('',#2716);
#2427=PLANE('',#2717);
#2428=PLANE('',#2718);
#2429=PLANE('',#2719);
#2430=PLANE('',#2720);
#2431=PLANE('',#2721);
#2432=PLANE('',#2722);
#2433=PLANE('',#2723);
#2434=PLANE('',#2724);
#2435=PLANE('',#2725);
#2436=PLANE('',#2726);
#2437=PLANE('',#2727);
#2438=PLANE('',#2728);
#2439=PLANE('',#2729);
#2440=PLANE('',#2730);
#2441=PLANE('',#2731);
#2442=PLANE('',#2733);
#2443=PLANE('',#2734);
#2444=PLANE('',#2735);
#2445=PLANE('',#2738);
#2446=PLANE('',#2748);
#2447=PLANE('',#2749);
#2448=PLANE('',#2750);
#2449=PLANE('',#2751);
#2450=PLANE('',#2752);
#2451=PLANE('',#2753);
#2452=PLANE('',#2754);
#2453=PLANE('',#2755);
#2454=PLANE('',#2756);
#2455=PLANE('',#2757);
#2456=PLANE('',#2758);
#2457=PLANE('',#2759);
#2458=PLANE('',#2760);
#2459=PLANE('',#2761);
#2460=PLANE('',#2762);
#2461=PLANE('',#2770);
#2462=PLANE('',#2771);
#2463=PLANE('',#2772);
#2464=PLANE('',#2773);
#2465=PLANE('',#2774);
#2466=PLANE('',#2775);
#2467=PLANE('',#2776);
#2468=PLANE('',#2778);
#2469=PLANE('',#2779);
#2470=PLANE('',#2780);
#2471=PLANE('',#2781);
#2472=PLANE('',#2782);
#2473=PLANE('',#2783);
#2474=PLANE('',#2784);
#2475=PLANE('',#2785);
#2476=PLANE('',#2786);
#2477=PLANE('',#2787);
#2478=PLANE('',#2788);
#2479=PLANE('',#2789);
#2480=PLANE('',#2790);
#2481=PLANE('',#2791);
#2482=PLANE('',#2792);
#2483=PLANE('',#2793);
#2484=PLANE('',#2794);
#2485=PLANE('',#2795);
#2486=PLANE('',#2796);
#2487=PLANE('',#2797);
#2488=ADVANCED_FACE('',(#2235,#2236),#2365,.F.);
#2489=ADVANCED_FACE('',(#2237),#2366,.F.);
#2490=ADVANCED_FACE('',(#2238),#2367,.T.);
#2491=ADVANCED_FACE('',(#2239),#2368,.T.);
#2492=ADVANCED_FACE('',(#2240),#2369,.T.);
#2493=ADVANCED_FACE('',(#2241),#2370,.F.);
#2494=ADVANCED_FACE('',(#2242),#2371,.F.);
#2495=ADVANCED_FACE('',(#2243),#2372,.F.);
#2496=ADVANCED_FACE('',(#2244),#2373,.F.);
#2497=ADVANCED_FACE('',(#2245),#2374,.F.);
#2498=ADVANCED_FACE('',(#2246),#2375,.F.);
#2499=ADVANCED_FACE('',(#2247),#2376,.F.);
#2500=ADVANCED_FACE('',(#2248),#2377,.F.);
#2501=ADVANCED_FACE('',(#2249),#2378,.F.);
#2502=ADVANCED_FACE('',(#2250),#2379,.F.);
#2503=ADVANCED_FACE('',(#2251),#2380,.F.);
#2504=ADVANCED_FACE('',(#2252),#2381,.F.);
#2505=ADVANCED_FACE('',(#2253),#2382,.F.);
#2506=ADVANCED_FACE('',(#2254),#2383,.F.);
#2507=ADVANCED_FACE('',(#2255),#2384,.F.);
#2508=ADVANCED_FACE('',(#2256),#2385,.F.);
#2509=ADVANCED_FACE('',(#2257),#2386,.F.);
#2510=ADVANCED_FACE('',(#2258),#2387,.F.);
#2511=ADVANCED_FACE('',(#2259),#2388,.F.);
#2512=ADVANCED_FACE('',(#2260),#2389,.F.);
#2513=ADVANCED_FACE('',(#2261),#2390,.F.);
#2514=ADVANCED_FACE('',(#2262),#2391,.F.);
#2515=ADVANCED_FACE('',(#2263),#2392,.F.);
#2516=ADVANCED_FACE('',(#2264),#2393,.F.);
#2517=ADVANCED_FACE('',(#2265),#2394,.F.);
#2518=ADVANCED_FACE('',(#2266),#2395,.F.);
#2519=ADVANCED_FACE('',(#2267),#2396,.T.);
#2520=ADVANCED_FACE('',(#2268),#2397,.T.);
#2521=ADVANCED_FACE('',(#2269),#2398,.T.);
#2522=ADVANCED_FACE('',(#2270),#2399,.T.);
#2523=ADVANCED_FACE('',(#2271),#2400,.T.);
#2524=ADVANCED_FACE('',(#2272),#2401,.T.);
#2525=ADVANCED_FACE('',(#2273),#2402,.T.);
#2526=ADVANCED_FACE('',(#2274),#2403,.T.);
#2527=ADVANCED_FACE('',(#2275),#2404,.T.);
#2528=ADVANCED_FACE('',(#2276),#2405,.T.);
#2529=ADVANCED_FACE('',(#2277),#2406,.T.);
#2530=ADVANCED_FACE('',(#2278),#2407,.T.);
#2531=ADVANCED_FACE('',(#2279),#2408,.F.);
#2532=ADVANCED_FACE('',(#2280),#2409,.F.);
#2533=ADVANCED_FACE('',(#2281),#2410,.F.);
#2534=ADVANCED_FACE('',(#2282),#2411,.F.);
#2535=ADVANCED_FACE('',(#2283),#2412,.T.);
#2536=ADVANCED_FACE('',(#2284),#2413,.F.);
#2537=ADVANCED_FACE('',(#2285),#2414,.F.);
#2538=ADVANCED_FACE('',(#2286),#2415,.F.);
#2539=ADVANCED_FACE('',(#2287),#2416,.F.);
#2540=ADVANCED_FACE('',(#2288),#2417,.F.);
#2541=ADVANCED_FACE('',(#2289),#2418,.F.);
#2542=ADVANCED_FACE('',(#2290),#2419,.F.);
#2543=ADVANCED_FACE('',(#2291),#2420,.F.);
#2544=ADVANCED_FACE('',(#2292),#2421,.F.);
#2545=ADVANCED_FACE('',(#2293),#2422,.F.);
#2546=ADVANCED_FACE('',(#2294),#2423,.F.);
#2547=ADVANCED_FACE('',(#2295),#2424,.F.);
#2548=ADVANCED_FACE('',(#2296),#2425,.F.);
#2549=ADVANCED_FACE('',(#2297),#2426,.F.);
#2550=ADVANCED_FACE('',(#2298),#2427,.F.);
#2551=ADVANCED_FACE('',(#2299),#2428,.F.);
#2552=ADVANCED_FACE('',(#2300),#2429,.F.);
#2553=ADVANCED_FACE('',(#2301),#2430,.T.);
#2554=ADVANCED_FACE('',(#2302),#2431,.F.);
#2555=ADVANCED_FACE('',(#2303),#2432,.F.);
#2556=ADVANCED_FACE('',(#2304),#2433,.F.);
#2557=ADVANCED_FACE('',(#2305),#2434,.F.);
#2558=ADVANCED_FACE('',(#2306),#2435,.F.);
#2559=ADVANCED_FACE('',(#2307),#2436,.T.);
#2560=ADVANCED_FACE('',(#2308),#2437,.T.);
#2561=ADVANCED_FACE('',(#2309),#2438,.T.);
#2562=ADVANCED_FACE('',(#2310),#2439,.T.);
#2563=ADVANCED_FACE('',(#2311),#2440,.T.);
#2564=ADVANCED_FACE('',(#2312),#2441,.T.);
#2565=ADVANCED_FACE('',(#2313),#2442,.F.);
#2566=ADVANCED_FACE('',(#2314),#2443,.F.);
#2567=ADVANCED_FACE('',(#2315),#2444,.T.);
#2568=ADVANCED_FACE('',(#2316),#2445,.F.);
#2569=ADVANCED_FACE('',(#2317),#19,.T.);
#2570=ADVANCED_FACE('',(#2318),#20,.T.);
#2571=ADVANCED_FACE('',(#2319),#21,.T.);
#2572=ADVANCED_FACE('',(#2320),#2446,.F.);
#2573=ADVANCED_FACE('',(#2321),#2447,.F.);
#2574=ADVANCED_FACE('',(#2322),#2448,.F.);
#2575=ADVANCED_FACE('',(#2323),#2449,.F.);
#2576=ADVANCED_FACE('',(#2324),#2450,.F.);
#2577=ADVANCED_FACE('',(#2325),#2451,.F.);
#2578=ADVANCED_FACE('',(#2326),#2452,.F.);
#2579=ADVANCED_FACE('',(#2327),#2453,.F.);
#2580=ADVANCED_FACE('',(#2328),#2454,.F.);
#2581=ADVANCED_FACE('',(#2329),#2455,.F.);
#2582=ADVANCED_FACE('',(#2330),#2456,.F.);
#2583=ADVANCED_FACE('',(#2331),#2457,.F.);
#2584=ADVANCED_FACE('',(#2332),#2458,.F.);
#2585=ADVANCED_FACE('',(#2333),#2459,.F.);
#2586=ADVANCED_FACE('',(#2334),#2460,.F.);
#2587=ADVANCED_FACE('',(#2335),#22,.F.);
#2588=ADVANCED_FACE('',(#2336),#23,.F.);
#2589=ADVANCED_FACE('',(#2337),#24,.F.);
#2590=ADVANCED_FACE('',(#2338),#2461,.T.);
#2591=ADVANCED_FACE('',(#2339),#2462,.T.);
#2592=ADVANCED_FACE('',(#2340),#2463,.T.);
#2593=ADVANCED_FACE('',(#2341),#2464,.T.);
#2594=ADVANCED_FACE('',(#2342),#2465,.T.);
#2595=ADVANCED_FACE('',(#2343),#2466,.T.);
#2596=ADVANCED_FACE('',(#2344),#2467,.T.);
#2597=ADVANCED_FACE('',(#2345),#2468,.F.);
#2598=ADVANCED_FACE('',(#2346),#2469,.F.);
#2599=ADVANCED_FACE('',(#2347),#2470,.T.);
#2600=ADVANCED_FACE('',(#2348),#2471,.F.);
#2601=ADVANCED_FACE('',(#2349),#2472,.F.);
#2602=ADVANCED_FACE('',(#2350),#2473,.F.);
#2603=ADVANCED_FACE('',(#2351),#2474,.F.);
#2604=ADVANCED_FACE('',(#2352),#2475,.F.);
#2605=ADVANCED_FACE('',(#2353),#2476,.F.);
#2606=ADVANCED_FACE('',(#2354),#2477,.F.);
#2607=ADVANCED_FACE('',(#2355),#2478,.F.);
#2608=ADVANCED_FACE('',(#2356),#2479,.F.);
#2609=ADVANCED_FACE('',(#2357),#2480,.F.);
#2610=ADVANCED_FACE('',(#2358),#2481,.T.);
#2611=ADVANCED_FACE('',(#2359),#2482,.T.);
#2612=ADVANCED_FACE('',(#2360),#2483,.T.);
#2613=ADVANCED_FACE('',(#2361),#2484,.T.);
#2614=ADVANCED_FACE('',(#2362),#2485,.T.);
#2615=ADVANCED_FACE('',(#2363),#2486,.T.);
#2616=ADVANCED_FACE('',(#2364),#2487,.T.);
#2617=CLOSED_SHELL('',(#2488,#2489,#2490,#2491,#2492,#2493,#2494,#2495,
#2496,#2497,#2498,#2499,#2500,#2501,#2502,#2503,#2504,#2505,#2506,#2507,
#2508,#2509,#2510,#2511,#2512,#2513,#2514,#2515,#2516,#2517,#2518,#2519,
#2520,#2521,#2522,#2523,#2524,#2525,#2526,#2527,#2528,#2529,#2530,#2531,
#2532,#2533,#2534,#2535,#2536,#2537,#2538,#2539,#2540,#2541,#2542,#2543,
#2544,#2545,#2546,#2547,#2548,#2549,#2550,#2551,#2552,#2553,#2554,#2555,
#2556,#2557,#2558,#2559,#2560,#2561,#2562,#2563,#2564));
#2618=CLOSED_SHELL('',(#2565,#2566,#2567,#2568,#2569,#2570,#2571,#2572,
#2573,#2574,#2575,#2576,#2577,#2578,#2579,#2580,#2581,#2582,#2583,#2584,
#2585,#2586,#2587,#2588,#2589,#2590,#2591,#2592,#2593,#2594,#2595,#2596));
#2619=CLOSED_SHELL('',(#2597,#2598,#2599,#2600,#2601,#2602,#2603,#2604,
#2605,#2606,#2607,#2608,#2609,#2610,#2611,#2612,#2613,#2614,#2615,#2616));
#2620=STYLED_ITEM('',(#2623),#2643);
#2621=STYLED_ITEM('',(#2624),#2644);
#2622=STYLED_ITEM('',(#2625),#2645);
#2623=PRESENTATION_STYLE_ASSIGNMENT((#2626));
#2624=PRESENTATION_STYLE_ASSIGNMENT((#2627));
#2625=PRESENTATION_STYLE_ASSIGNMENT((#2628));
#2626=SURFACE_STYLE_USAGE(.BOTH.,#2629);
#2627=SURFACE_STYLE_USAGE(.BOTH.,#2630);
#2628=SURFACE_STYLE_USAGE(.BOTH.,#2631);
#2629=SURFACE_SIDE_STYLE('',(#2632));
#2630=SURFACE_SIDE_STYLE('',(#2633));
#2631=SURFACE_SIDE_STYLE('',(#2634));
#2632=SURFACE_STYLE_FILL_AREA(#2635);
#2633=SURFACE_STYLE_FILL_AREA(#2636);
#2634=SURFACE_STYLE_FILL_AREA(#2637);
#2635=FILL_AREA_STYLE('',(#2638));
#2636=FILL_AREA_STYLE('',(#2639));
#2637=FILL_AREA_STYLE('',(#2640));
#2638=FILL_AREA_STYLE_COLOUR('',#2641);
#2639=FILL_AREA_STYLE_COLOUR('',#2642);
#2640=FILL_AREA_STYLE_COLOUR('',#18);
#2641=COLOUR_RGB('',0.689999997615814,0.689999997615814,0.689999997615814);
#2642=COLOUR_RGB('',0.769999980926514,0.769999980926514,0.769999980926514);
#2643=MANIFOLD_SOLID_BREP('IPL1-103-01-S-RA-K_HDR',#2617);
#2644=MANIFOLD_SOLID_BREP('T-1S64-01-03-F-S-RA',#2618);
#2645=MANIFOLD_SOLID_BREP('T-1S64-01-03-F-S-RA2',#2619);
#2646=SHAPE_DEFINITION_REPRESENTATION(#4201,#2650);
#2647=SHAPE_DEFINITION_REPRESENTATION(#4202,#2651);
#2648=SHAPE_DEFINITION_REPRESENTATION(#4204,#2652);
#2649=SHAPE_DEFINITION_REPRESENTATION(#4206,#2653);
#2650=SHAPE_REPRESENTATION('IPL1-103-01-F-S-RA-K',(#2654,#2732,#2777,#2798),
#4187);
#2651=SHAPE_REPRESENTATION('IPL1-103-01-S-RA-K_HDR',(#2654),#4188);
#2652=SHAPE_REPRESENTATION('T-1S64-01-03-F-S-RA',(#2654),#4189);
#2653=SHAPE_REPRESENTATION('T-1S64-01-03-F-S-RA2',(#2654),#4190);
#2654=AXIS2_PLACEMENT_3D('',#3443,#2799,#2800);
#2655=AXIS2_PLACEMENT_3D('',#3444,#2801,#2802);
#2656=AXIS2_PLACEMENT_3D('',#3541,#2851,#2852);
#2657=AXIS2_PLACEMENT_3D('',#3622,#2893,#2894);
#2658=AXIS2_PLACEMENT_3D('',#3625,#2897,#2898);
#2659=AXIS2_PLACEMENT_3D('',#3632,#2903,#2904);
#2660=AXIS2_PLACEMENT_3D('',#3639,#2909,#2910);
#2661=AXIS2_PLACEMENT_3D('',#3645,#2914,#2915);
#2662=AXIS2_PLACEMENT_3D('',#3651,#2919,#2920);
#2663=AXIS2_PLACEMENT_3D('',#3657,#2924,#2925);
#2664=AXIS2_PLACEMENT_3D('',#3663,#2929,#2930);
#2665=AXIS2_PLACEMENT_3D('',#3667,#2933,#2934);
#2666=AXIS2_PLACEMENT_3D('',#3673,#2938,#2939);
#2667=AXIS2_PLACEMENT_3D('',#3686,#2948,#2949);
#2668=AXIS2_PLACEMENT_3D('',#3692,#2953,#2954);
#2669=AXIS2_PLACEMENT_3D('',#3701,#2959,#2960);
#2670=AXIS2_PLACEMENT_3D('',#3710,#2965,#2966);
#2671=AXIS2_PLACEMENT_3D('',#3713,#2969,#2970);
#2672=AXIS2_PLACEMENT_3D('',#3716,#2973,#2974);
#2673=AXIS2_PLACEMENT_3D('',#3722,#2978,#2979);
#2674=AXIS2_PLACEMENT_3D('',#3728,#2983,#2984);
#2675=AXIS2_PLACEMENT_3D('',#3731,#2987,#2988);
#2676=AXIS2_PLACEMENT_3D('',#3734,#2991,#2992);
#2677=AXIS2_PLACEMENT_3D('',#3738,#2995,#2996);
#2678=AXIS2_PLACEMENT_3D('',#3742,#2999,#3000);
#2679=AXIS2_PLACEMENT_3D('',#3744,#3002,#3003);
#2680=AXIS2_PLACEMENT_3D('',#3748,#3006,#3007);
#2681=AXIS2_PLACEMENT_3D('',#3750,#3009,#3010);
#2682=AXIS2_PLACEMENT_3D('',#3756,#3014,#3015);
#2683=AXIS2_PLACEMENT_3D('',#3759,#3018,#3019);
#2684=AXIS2_PLACEMENT_3D('',#3765,#3023,#3024);
#2685=AXIS2_PLACEMENT_3D('',#3768,#3027,#3028);
#2686=AXIS2_PLACEMENT_3D('',#3769,#3029,#3030);
#2687=AXIS2_PLACEMENT_3D('',#3771,#3032,#3033);
#2688=AXIS2_PLACEMENT_3D('',#3772,#3034,#3035);
#2689=AXIS2_PLACEMENT_3D('',#3774,#3037,#3038);
#2690=AXIS2_PLACEMENT_3D('',#3776,#3040,#3041);
#2691=AXIS2_PLACEMENT_3D('',#3777,#3042,#3043);
#2692=AXIS2_PLACEMENT_3D('',#3779,#3045,#3046);
#2693=AXIS2_PLACEMENT_3D('',#3781,#3048,#3049);
#2694=AXIS2_PLACEMENT_3D('',#3783,#3051,#3052);
#2695=AXIS2_PLACEMENT_3D('',#3784,#3053,#3054);
#2696=AXIS2_PLACEMENT_3D('',#3785,#3055,#3056);
#2697=AXIS2_PLACEMENT_3D('',#3787,#3058,#3059);
#2698=AXIS2_PLACEMENT_3D('',#3789,#3061,#3062);
#2699=AXIS2_PLACEMENT_3D('',#3793,#3065,#3066);
#2700=AXIS2_PLACEMENT_3D('',#3797,#3069,#3070);
#2701=AXIS2_PLACEMENT_3D('',#3801,#3073,#3074);
#2702=AXIS2_PLACEMENT_3D('',#3805,#3077,#3078);
#2703=AXIS2_PLACEMENT_3D('',#3826,#3091,#3092);
#2704=AXIS2_PLACEMENT_3D('',#3828,#3094,#3095);
#2705=AXIS2_PLACEMENT_3D('',#3831,#3098,#3099);
#2706=AXIS2_PLACEMENT_3D('',#3833,#3101,#3102);
#2707=AXIS2_PLACEMENT_3D('',#3834,#3103,#3104);
#2708=AXIS2_PLACEMENT_3D('',#3835,#3105,#3106);
#2709=AXIS2_PLACEMENT_3D('',#3838,#3109,#3110);
#2710=AXIS2_PLACEMENT_3D('',#3840,#3112,#3113);
#2711=AXIS2_PLACEMENT_3D('',#3842,#3115,#3116);
#2712=AXIS2_PLACEMENT_3D('',#3848,#3120,#3121);
#2713=AXIS2_PLACEMENT_3D('',#3850,#3123,#3124);
#2714=AXIS2_PLACEMENT_3D('',#3851,#3125,#3126);
#2715=AXIS2_PLACEMENT_3D('',#3853,#3128,#3129);
#2716=AXIS2_PLACEMENT_3D('',#3854,#3130,#3131);
#2717=AXIS2_PLACEMENT_3D('',#3860,#3135,#3136);
#2718=AXIS2_PLACEMENT_3D('',#3866,#3140,#3141);
#2719=AXIS2_PLACEMENT_3D('',#3872,#3145,#3146);
#2720=AXIS2_PLACEMENT_3D('',#3875,#3149,#3150);
#2721=AXIS2_PLACEMENT_3D('',#3876,#3151,#3152);
#2722=AXIS2_PLACEMENT_3D('',#3877,#3153,#3154);
#2723=AXIS2_PLACEMENT_3D('',#3878,#3155,#3156);
#2724=AXIS2_PLACEMENT_3D('',#3879,#3157,#3158);
#2725=AXIS2_PLACEMENT_3D('',#3880,#3159,#3160);
#2726=AXIS2_PLACEMENT_3D('',#3881,#3161,#3162);
#2727=AXIS2_PLACEMENT_3D('',#3883,#3164,#3165);
#2728=AXIS2_PLACEMENT_3D('',#3885,#3167,#3168);
#2729=AXIS2_PLACEMENT_3D('',#3886,#3169,#3170);
#2730=AXIS2_PLACEMENT_3D('',#3889,#3173,#3174);
#2731=AXIS2_PLACEMENT_3D('',#3890,#3175,#3176);
#2732=AXIS2_PLACEMENT_3D('',#3891,#3177,#3178);
#2733=AXIS2_PLACEMENT_3D('',#3892,#3179,#3180);
#2734=AXIS2_PLACEMENT_3D('',#3917,#3193,#3194);
#2735=AXIS2_PLACEMENT_3D('',#3942,#3207,#3208);
#2736=AXIS2_PLACEMENT_3D('',#3944,#3210,#3211);
#2737=AXIS2_PLACEMENT_3D('',#3956,#3217,#3218);
#2738=AXIS2_PLACEMENT_3D('',#3957,#3219,#3220);
#2739=AXIS2_PLACEMENT_3D('',#3959,#3222,#3223);
#2740=AXIS2_PLACEMENT_3D('',#3971,#3229,#3230);
#2741=AXIS2_PLACEMENT_3D('',#3972,#3231,#3232);
#2742=AXIS2_PLACEMENT_3D('',#3973,#3233,#3234);
#2743=AXIS2_PLACEMENT_3D('',#3976,#3236,#3237);
#2744=AXIS2_PLACEMENT_3D('',#3977,#3238,#3239);
#2745=AXIS2_PLACEMENT_3D('',#3979,#3240,#3241);
#2746=AXIS2_PLACEMENT_3D('',#3982,#3243,#3244);
#2747=AXIS2_PLACEMENT_3D('',#3983,#3245,#3246);
#2748=AXIS2_PLACEMENT_3D('',#3986,#3248,#3249);
#2749=AXIS2_PLACEMENT_3D('',#3990,#3252,#3253);
#2750=AXIS2_PLACEMENT_3D('',#3996,#3257,#3258);
#2751=AXIS2_PLACEMENT_3D('',#4000,#3261,#3262);
#2752=AXIS2_PLACEMENT_3D('',#4004,#3265,#3266);
#2753=AXIS2_PLACEMENT_3D('',#4010,#3270,#3271);
#2754=AXIS2_PLACEMENT_3D('',#4014,#3274,#3275);
#2755=AXIS2_PLACEMENT_3D('',#4018,#3278,#3279);
#2756=AXIS2_PLACEMENT_3D('',#4024,#3283,#3284);
#2757=AXIS2_PLACEMENT_3D('',#4028,#3287,#3288);
#2758=AXIS2_PLACEMENT_3D('',#4032,#3291,#3292);
#2759=AXIS2_PLACEMENT_3D('',#4038,#3296,#3297);
#2760=AXIS2_PLACEMENT_3D('',#4042,#3300,#3301);
#2761=AXIS2_PLACEMENT_3D('',#4046,#3304,#3305);
#2762=AXIS2_PLACEMENT_3D('',#4052,#3309,#3310);
#2763=AXIS2_PLACEMENT_3D('',#4056,#3313,#3314);
#2764=AXIS2_PLACEMENT_3D('',#4057,#3315,#3316);
#2765=AXIS2_PLACEMENT_3D('',#4058,#3317,#3318);
#2766=AXIS2_PLACEMENT_3D('',#4059,#3319,#3320);
#2767=AXIS2_PLACEMENT_3D('',#4060,#3321,#3322);
#2768=AXIS2_PLACEMENT_3D('',#4061,#3323,#3324);
#2769=AXIS2_PLACEMENT_3D('',#4062,#3325,#3326);
#2770=AXIS2_PLACEMENT_3D('',#4063,#3327,#3328);
#2771=AXIS2_PLACEMENT_3D('',#4065,#3330,#3331);
#2772=AXIS2_PLACEMENT_3D('',#4067,#3333,#3334);
#2773=AXIS2_PLACEMENT_3D('',#4068,#3335,#3336);
#2774=AXIS2_PLACEMENT_3D('',#4070,#3338,#3339);
#2775=AXIS2_PLACEMENT_3D('',#4072,#3341,#3342);
#2776=AXIS2_PLACEMENT_3D('',#4073,#3343,#3344);
#2777=AXIS2_PLACEMENT_3D('',#4074,#3345,#3346);
#2778=AXIS2_PLACEMENT_3D('',#4075,#3347,#3348);
#2779=AXIS2_PLACEMENT_3D('',#4100,#3361,#3362);
#2780=AXIS2_PLACEMENT_3D('',#4125,#3375,#3376);
#2781=AXIS2_PLACEMENT_3D('',#4132,#3381,#3382);
#2782=AXIS2_PLACEMENT_3D('',#4139,#3387,#3388);
#2783=AXIS2_PLACEMENT_3D('',#4143,#3391,#3392);
#2784=AXIS2_PLACEMENT_3D('',#4149,#3396,#3397);
#2785=AXIS2_PLACEMENT_3D('',#4153,#3400,#3401);
#2786=AXIS2_PLACEMENT_3D('',#4157,#3404,#3405);
#2787=AXIS2_PLACEMENT_3D('',#4163,#3409,#3410);
#2788=AXIS2_PLACEMENT_3D('',#4167,#3413,#3414);
#2789=AXIS2_PLACEMENT_3D('',#4169,#3416,#3417);
#2790=AXIS2_PLACEMENT_3D('',#4172,#3420,#3421);
#2791=AXIS2_PLACEMENT_3D('',#4174,#3423,#3424);
#2792=AXIS2_PLACEMENT_3D('',#4176,#3426,#3427);
#2793=AXIS2_PLACEMENT_3D('',#4178,#3429,#3430);
#2794=AXIS2_PLACEMENT_3D('',#4179,#3431,#3432);
#2795=AXIS2_PLACEMENT_3D('',#4182,#3435,#3436);
#2796=AXIS2_PLACEMENT_3D('',#4183,#3437,#3438);
#2797=AXIS2_PLACEMENT_3D('',#4184,#3439,#3440);
#2798=AXIS2_PLACEMENT_3D('',#4185,#3441,#3442);
#2799=DIRECTION('',(0.,0.,1.));
#2800=DIRECTION('',(1.,0.,0.));
#2801=DIRECTION('',(0.,-1.,0.));
#2802=DIRECTION('',(0.,0.,-1.));
#2803=DIRECTION('',(0.,0.,-1.));
#2804=DIRECTION('',(-1.,0.,0.));
#2805=DIRECTION('',(0.,0.,1.));
#2806=DIRECTION('',(-1.,0.,0.));
#2807=DIRECTION('',(0.,0.,-1.));
#2808=DIRECTION('',(1.,0.,0.));
#2809=DIRECTION('',(0.,0.,1.));
#2810=DIRECTION('',(1.,0.,0.));
#2811=DIRECTION('',(0.,0.,-1.));
#2812=DIRECTION('',(1.,0.,0.));
#2813=DIRECTION('',(0.,0.,1.));
#2814=DIRECTION('',(1.,0.,0.));
#2815=DIRECTION('',(0.,0.,-1.));
#2816=DIRECTION('',(1.,0.,0.));
#2817=DIRECTION('',(0.,0.,1.));
#2818=DIRECTION('',(-1.,0.,0.));
#2819=DIRECTION('',(0.,0.,-1.));
#2820=DIRECTION('',(-1.,0.,0.));
#2821=DIRECTION('',(0.,0.,1.));
#2822=DIRECTION('',(-1.,0.,0.));
#2823=DIRECTION('',(-1.,0.,0.));
#2824=DIRECTION('',(0.,0.,1.));
#2825=DIRECTION('',(1.,0.,0.));
#2826=DIRECTION('',(0.,0.,1.));
#2827=DIRECTION('',(-1.,0.,0.));
#2828=DIRECTION('',(0.,0.,1.));
#2829=DIRECTION('',(-1.,0.,0.));
#2830=DIRECTION('',(0.,0.,1.));
#2831=DIRECTION('',(-1.,0.,0.));
#2832=DIRECTION('',(0.,0.,-1.));
#2833=DIRECTION('',(-1.,0.,0.));
#2834=DIRECTION('',(0.,0.,1.));
#2835=DIRECTION('',(-1.,0.,0.));
#2836=DIRECTION('',(0.,0.,-1.));
#2837=DIRECTION('',(-1.,0.,0.));
#2838=DIRECTION('',(0.,0.,1.));
#2839=DIRECTION('',(-1.,0.,0.));
#2840=DIRECTION('',(0.,0.,-1.));
#2841=DIRECTION('',(1.,0.,0.));
#2842=DIRECTION('',(0.,0.,1.));
#2843=DIRECTION('',(-1.,0.,0.));
#2844=DIRECTION('',(0.,0.,1.));
#2845=DIRECTION('',(1.,0.,0.));
#2846=DIRECTION('',(0.,0.,1.));
#2847=DIRECTION('',(-1.,0.,0.));
#2848=DIRECTION('',(0.,0.,1.));
#2849=DIRECTION('',(1.,0.,0.));
#2850=DIRECTION('',(0.,0.,1.));
#2851=DIRECTION('',(0.,1.,0.));
#2852=DIRECTION('',(0.,0.,1.));
#2853=DIRECTION('',(1.,0.,0.));
#2854=DIRECTION('',(0.,0.,-1.));
#2855=DIRECTION('',(-1.,0.,0.));
#2856=DIRECTION('',(0.,0.,-1.));
#2857=DIRECTION('',(-1.,0.,0.));
#2858=DIRECTION('',(0.,0.,-1.));
#2859=DIRECTION('',(-1.,0.,0.));
#2860=DIRECTION('',(0.,0.,-1.));
#2861=DIRECTION('',(-1.,0.,0.));
#2862=DIRECTION('',(0.,0.,-1.));
#2863=DIRECTION('',(-1.,0.,0.));
#2864=DIRECTION('',(0.,0.,-1.));
#2865=DIRECTION('',(-1.,0.,0.));
#2866=DIRECTION('',(0.,0.,-1.));
#2867=DIRECTION('',(-1.,0.,0.));
#2868=DIRECTION('',(0.,0.,-1.));
#2869=DIRECTION('',(-1.,0.,0.));
#2870=DIRECTION('',(0.,0.,-1.));
#2871=DIRECTION('',(-1.,0.,0.));
#2872=DIRECTION('',(0.,0.,-1.));
#2873=DIRECTION('',(1.,0.,0.));
#2874=DIRECTION('',(0.,0.,-1.));
#2875=DIRECTION('',(-1.,0.,0.));
#2876=DIRECTION('',(0.,0.,-1.));
#2877=DIRECTION('',(-1.,0.,0.));
#2878=DIRECTION('',(0.,0.,-1.));
#2879=DIRECTION('',(-1.,0.,0.));
#2880=DIRECTION('',(0.,0.,-1.));
#2881=DIRECTION('',(-1.,0.,0.));
#2882=DIRECTION('',(0.,0.,-1.));
#2883=DIRECTION('',(-1.,0.,0.));
#2884=DIRECTION('',(0.,0.,1.));
#2885=DIRECTION('',(1.,0.,0.));
#2886=DIRECTION('',(0.,0.,-1.));
#2887=DIRECTION('',(-1.,0.,0.));
#2888=DIRECTION('',(0.,0.,-1.));
#2889=DIRECTION('',(1.,0.,0.));
#2890=DIRECTION('',(0.,0.,-1.));
#2891=DIRECTION('',(-1.,0.,0.));
#2892=DIRECTION('',(0.,0.,-1.));
#2893=DIRECTION('',(1.,0.,0.));
#2894=DIRECTION('',(0.,0.,-1.));
#2895=DIRECTION('',(0.,-1.,0.));
#2896=DIRECTION('',(0.,1.,0.));
#2897=DIRECTION('',(1.,0.,0.));
#2898=DIRECTION('',(0.,0.,-1.));
#2899=DIRECTION('',(0.,1.,0.));
#2900=DIRECTION('',(0.,-1.,0.));
#2901=DIRECTION('',(0.,0.,-1.));
#2902=DIRECTION('',(0.,1.,0.));
#2903=DIRECTION('',(1.,0.,0.));
#2904=DIRECTION('',(0.,0.,-1.));
#2905=DIRECTION('',(0.,-1.,0.));
#2906=DIRECTION('',(0.,-1.,0.));
#2907=DIRECTION('',(0.,0.,-1.));
#2908=DIRECTION('',(0.,1.,0.));
#2909=DIRECTION('',(-1.,0.,0.));
#2910=DIRECTION('',(0.,0.,1.));
#2911=DIRECTION('',(0.,-1.,0.));
#2912=DIRECTION('',(0.,0.,1.));
#2913=DIRECTION('',(0.,1.,0.));
#2914=DIRECTION('',(1.,0.,0.));
#2915=DIRECTION('',(0.,0.,-1.));
#2916=DIRECTION('',(0.,0.,-1.));
#2917=DIRECTION('',(0.,1.,0.));
#2918=DIRECTION('',(0.,1.,0.));
#2919=DIRECTION('',(1.,0.,0.));
#2920=DIRECTION('',(0.,0.,-1.));
#2921=DIRECTION('',(0.,0.,-1.));
#2922=DIRECTION('',(0.,1.,0.));
#2923=DIRECTION('',(0.,1.,0.));
#2924=DIRECTION('',(-1.,0.,0.));
#2925=DIRECTION('',(0.,0.,1.));
#2926=DIRECTION('',(0.,-1.,0.));
#2927=DIRECTION('',(0.,0.,1.));
#2928=DIRECTION('',(0.,1.,0.));
#2929=DIRECTION('',(0.,0.,-1.));
#2930=DIRECTION('',(-1.,0.,0.));
#2931=DIRECTION('',(0.,1.,0.));
#2932=DIRECTION('',(-1.,0.,0.));
#2933=DIRECTION('',(0.,0.,1.));
#2934=DIRECTION('',(1.,0.,0.));
#2935=DIRECTION('',(0.,-1.,0.));
#2936=DIRECTION('',(-1.,0.,0.));
#2937=DIRECTION('',(0.,1.,0.));
#2938=DIRECTION('',(0.,0.,1.));
#2939=DIRECTION('',(1.,0.,0.));
#2940=DIRECTION('',(0.,-1.,0.));
#2941=DIRECTION('',(0.,-1.,0.));
#2942=DIRECTION('',(0.,-1.,0.));
#2943=DIRECTION('',(-1.,0.,0.));
#2944=DIRECTION('',(0.,1.,0.));
#2945=DIRECTION('',(0.,-1.,0.));
#2946=DIRECTION('',(-1.,0.,0.));
#2947=DIRECTION('',(0.,-1.,0.));
#2948=DIRECTION('',(0.,0.,-1.));
#2949=DIRECTION('',(-1.,0.,0.));
#2950=DIRECTION('',(0.,-1.,0.));
#2951=DIRECTION('',(0.,-1.,0.));
#2952=DIRECTION('',(-1.,0.,0.));
#2953=DIRECTION('',(0.,1.,0.));
#2954=DIRECTION('',(0.,0.,1.));
#2955=DIRECTION('',(0.,0.,-1.));
#2956=DIRECTION('',(1.,0.,0.));
#2957=DIRECTION('',(0.,0.,1.));
#2958=DIRECTION('',(-1.,0.,0.));
#2959=DIRECTION('',(0.,1.,0.));
#2960=DIRECTION('',(0.,0.,1.));
#2961=DIRECTION('',(0.,0.,-1.));
#2962=DIRECTION('',(1.,0.,0.));
#2963=DIRECTION('',(0.,0.,-1.));
#2964=DIRECTION('',(-1.,0.,0.));
#2965=DIRECTION('',(0.,0.,1.));
#2966=DIRECTION('',(1.,0.,0.));
#2967=DIRECTION('',(0.,1.,0.));
#2968=DIRECTION('',(0.,-1.,0.));
#2969=DIRECTION('',(0.,0.,1.));
#2970=DIRECTION('',(1.,0.,0.));
#2971=DIRECTION('',(0.,-1.,0.));
#2972=DIRECTION('',(0.,1.,0.));
#2973=DIRECTION('',(0.,0.,-1.));
#2974=DIRECTION('',(-1.,0.,0.));
#2975=DIRECTION('',(0.,-1.,0.));
#2976=DIRECTION('',(0.,1.,0.));
#2977=DIRECTION('',(-1.,0.,0.));
#2978=DIRECTION('',(0.,0.,-1.));
#2979=DIRECTION('',(-1.,0.,0.));
#2980=DIRECTION('',(0.,1.,0.));
#2981=DIRECTION('',(-1.,0.,0.));
#2982=DIRECTION('',(0.,-1.,0.));
#2983=DIRECTION('',(0.,1.,0.));
#2984=DIRECTION('',(0.,0.,1.));
#2985=DIRECTION('',(0.,0.,-1.));
#2986=DIRECTION('',(0.,0.,1.));
#2987=DIRECTION('',(0.,1.,0.));
#2988=DIRECTION('',(0.,0.,1.));
#2989=DIRECTION('',(0.,0.,-1.));
#2990=DIRECTION('',(0.,0.,-1.));
#2991=DIRECTION('',(0.,0.,1.));
#2992=DIRECTION('',(1.,0.,0.));
#2993=DIRECTION('',(0.,1.,0.));
#2994=DIRECTION('',(-1.,0.,0.));
#2995=DIRECTION('',(0.,1.,0.));
#2996=DIRECTION('',(0.,0.,1.));
#2997=DIRECTION('',(0.,0.,1.));
#2998=DIRECTION('',(-1.,0.,0.));
#2999=DIRECTION('',(0.,0.,1.));
#3000=DIRECTION('',(1.,0.,0.));
#3001=DIRECTION('',(0.,-1.,0.));
#3002=DIRECTION('',(0.,0.,-1.));
#3003=DIRECTION('',(-1.,0.,0.));
#3004=DIRECTION('',(0.,1.,0.));
#3005=DIRECTION('',(-1.,0.,0.));
#3006=DIRECTION('',(0.,1.,0.));
#3007=DIRECTION('',(0.,0.,1.));
#3008=DIRECTION('',(0.,0.,1.));
#3009=DIRECTION('',(0.,1.,0.));
#3010=DIRECTION('',(0.,0.,1.));
#3011=DIRECTION('',(0.,0.,-1.));
#3012=DIRECTION('',(0.,0.,-1.));
#3013=DIRECTION('',(-1.,0.,0.));
#3014=DIRECTION('',(0.,0.,1.));
#3015=DIRECTION('',(1.,0.,0.));
#3016=DIRECTION('',(0.,1.,0.));
#3017=DIRECTION('',(0.,1.,0.));
#3018=DIRECTION('',(0.,0.,-1.));
#3019=DIRECTION('',(-1.,0.,0.));
#3020=DIRECTION('',(0.,-1.,0.));
#3021=DIRECTION('',(0.,-1.,0.));
#3022=DIRECTION('',(-1.,0.,0.));
#3023=DIRECTION('',(0.,1.,0.));
#3024=DIRECTION('',(0.,0.,1.));
#3025=DIRECTION('',(0.,0.,-1.));
#3026=DIRECTION('',(0.,0.,-1.));
#3027=DIRECTION('',(1.,0.,0.));
#3028=DIRECTION('',(0.,0.,-1.));
#3029=DIRECTION('',(1.,0.,0.));
#3030=DIRECTION('',(0.,0.,-1.));
#3031=DIRECTION('',(0.,-1.,0.));
#3032=DIRECTION('',(-1.,0.,0.));
#3033=DIRECTION('',(0.,0.,1.));
#3034=DIRECTION('',(1.,0.,0.));
#3035=DIRECTION('',(0.,0.,-1.));
#3036=DIRECTION('',(0.,-1.,0.));
#3037=DIRECTION('',(-1.,0.,0.));
#3038=DIRECTION('',(0.,0.,1.));
#3039=DIRECTION('',(0.,-1.,0.));
#3040=DIRECTION('',(1.,0.,0.));
#3041=DIRECTION('',(0.,0.,-1.));
#3042=DIRECTION('',(-1.,0.,0.));
#3043=DIRECTION('',(0.,0.,1.));
#3044=DIRECTION('',(0.,-1.,0.));
#3045=DIRECTION('',(1.,0.,0.));
#3046=DIRECTION('',(0.,0.,-1.));
#3047=DIRECTION('',(0.,1.,0.));
#3048=DIRECTION('',(-1.,0.,0.));
#3049=DIRECTION('',(0.,0.,1.));
#3050=DIRECTION('',(0.,-1.,0.));
#3051=DIRECTION('',(1.,0.,0.));
#3052=DIRECTION('',(0.,0.,-1.));
#3053=DIRECTION('',(-1.,0.,0.));
#3054=DIRECTION('',(0.,0.,1.));
#3055=DIRECTION('',(1.,0.,0.));
#3056=DIRECTION('',(0.,0.,-1.));
#3057=DIRECTION('',(0.,1.,0.));
#3058=DIRECTION('',(-1.,0.,0.));
#3059=DIRECTION('',(0.,0.,1.));
#3060=DIRECTION('',(0.,-1.,0.));
#3061=DIRECTION('',(0.,0.,-1.));
#3062=DIRECTION('',(-1.,0.,0.));
#3063=DIRECTION('',(0.,1.,0.));
#3064=DIRECTION('',(-1.,0.,0.));
#3065=DIRECTION('',(-1.,0.,0.));
#3066=DIRECTION('',(0.,0.,1.));
#3067=DIRECTION('',(0.,1.,0.));
#3068=DIRECTION('',(0.,0.,1.));
#3069=DIRECTION('',(0.,0.,1.));
#3070=DIRECTION('',(1.,0.,0.));
#3071=DIRECTION('',(0.,1.,0.));
#3072=DIRECTION('',(1.,0.,0.));
#3073=DIRECTION('',(1.,0.,0.));
#3074=DIRECTION('',(0.,0.,-1.));
#3075=DIRECTION('',(0.,-1.,0.));
#3076=DIRECTION('',(0.,0.,-1.));
#3077=DIRECTION('',(0.,1.,0.));
#3078=DIRECTION('',(0.,0.,1.));
#3079=DIRECTION('',(-1.,0.,0.));
#3080=DIRECTION('',(-1.,0.,0.));
#3081=DIRECTION('',(-1.,0.,0.));
#3082=DIRECTION('',(1.,0.,0.));
#3083=DIRECTION('',(0.,0.,1.));
#3084=DIRECTION('',(1.,0.,0.));
#3085=DIRECTION('',(0.,0.,-1.));
#3086=DIRECTION('',(1.,0.,0.));
#3087=DIRECTION('',(0.,0.,1.));
#3088=DIRECTION('',(1.,0.,0.));
#3089=DIRECTION('',(0.,0.,-1.));
#3090=DIRECTION('',(-1.,0.,0.));
#3091=DIRECTION('',(0.,0.,-1.));
#3092=DIRECTION('',(-1.,0.,0.));
#3093=DIRECTION('',(0.,1.,0.));
#3094=DIRECTION('',(-1.,0.,0.));
#3095=DIRECTION('',(0.,0.,1.));
#3096=DIRECTION('',(0.,1.,0.));
#3097=DIRECTION('',(0.,1.,0.));
#3098=DIRECTION('',(0.,0.,1.));
#3099=DIRECTION('',(1.,0.,0.));
#3100=DIRECTION('',(0.,1.,0.));
#3101=DIRECTION('',(1.,0.,0.));
#3102=DIRECTION('',(0.,0.,-1.));
#3103=DIRECTION('',(0.,0.,-1.));
#3104=DIRECTION('',(-1.,0.,0.));
#3105=DIRECTION('',(-1.,0.,0.));
#3106=DIRECTION('',(0.,0.,1.));
#3107=DIRECTION('',(0.,1.,0.));
#3108=DIRECTION('',(0.,1.,0.));
#3109=DIRECTION('',(0.,0.,1.));
#3110=DIRECTION('',(1.,0.,0.));
#3111=DIRECTION('',(0.,1.,0.));
#3112=DIRECTION('',(1.,0.,0.));
#3113=DIRECTION('',(0.,0.,-1.));
#3114=DIRECTION('',(0.,-1.,0.));
#3115=DIRECTION('',(0.,0.,-1.));
#3116=DIRECTION('',(-1.,0.,0.));
#3117=DIRECTION('',(0.,1.,0.));
#3118=DIRECTION('',(-1.,0.,0.));
#3119=DIRECTION('',(0.,1.,0.));
#3120=DIRECTION('',(0.,0.,1.));
#3121=DIRECTION('',(1.,0.,0.));
#3122=DIRECTION('',(0.,-1.,0.));
#3123=DIRECTION('',(-1.,0.,0.));
#3124=DIRECTION('',(0.,0.,1.));
#3125=DIRECTION('',(1.,0.,0.));
#3126=DIRECTION('',(0.,0.,-1.));
#3127=DIRECTION('',(0.,-1.,0.));
#3128=DIRECTION('',(0.,0.,1.));
#3129=DIRECTION('',(1.,0.,0.));
#3130=DIRECTION('',(0.,-0.422885465331124,-0.906183139995266));
#3131=DIRECTION('',(0.,0.906183139995265,-0.422885465331124));
#3132=DIRECTION('',(0.,-0.906183139995265,0.422885465331124));
#3133=DIRECTION('',(-1.,0.,0.));
#3134=DIRECTION('',(0.,-0.906183139995265,0.422885465331124));
#3135=DIRECTION('',(0.,0.,-1.));
#3136=DIRECTION('',(-1.,0.,0.));
#3137=DIRECTION('',(0.,-1.,0.));
#3138=DIRECTION('',(-1.,0.,0.));
#3139=DIRECTION('',(0.,-1.,0.));
#3140=DIRECTION('',(0.,0.938876315886609,0.344254649158423));
#3141=DIRECTION('',(0.,-0.344254649158423,0.938876315886609));
#3142=DIRECTION('',(0.,0.344254649158423,-0.938876315886609));
#3143=DIRECTION('',(-1.,0.,0.));
#3144=DIRECTION('',(0.,0.344254649158423,-0.938876315886609));
#3145=DIRECTION('',(0.,1.,0.));
#3146=DIRECTION('',(0.,0.,1.));
#3147=DIRECTION('',(0.,0.,-1.));
#3148=DIRECTION('',(0.,0.,-1.));
#3149=DIRECTION('',(1.,0.,0.));
#3150=DIRECTION('',(0.,0.,-1.));
#3151=DIRECTION('',(1.,0.,0.));
#3152=DIRECTION('',(0.,0.,-1.));
#3153=DIRECTION('',(0.,0.,-1.));
#3154=DIRECTION('',(-1.,0.,0.));
#3155=DIRECTION('',(0.,0.,1.));
#3156=DIRECTION('',(1.,0.,0.));
#3157=DIRECTION('',(0.,0.,-1.));
#3158=DIRECTION('',(-1.,0.,0.));
#3159=DIRECTION('',(0.,0.,1.));
#3160=DIRECTION('',(1.,0.,0.));
#3161=DIRECTION('',(0.,0.,1.));
#3162=DIRECTION('',(1.,0.,0.));
#3163=DIRECTION('',(0.,-1.,0.));
#3164=DIRECTION('',(0.,0.,-1.));
#3165=DIRECTION('',(-1.,0.,0.));
#3166=DIRECTION('',(0.,-1.,0.));
#3167=DIRECTION('',(1.,0.,0.));
#3168=DIRECTION('',(0.,0.,-1.));
#3169=DIRECTION('',(1.,0.,0.));
#3170=DIRECTION('',(0.,0.,-1.));
#3171=DIRECTION('',(0.,-1.,0.));
#3172=DIRECTION('',(0.,-1.,0.));
#3173=DIRECTION('',(0.,0.,1.));
#3174=DIRECTION('',(1.,0.,0.));
#3175=DIRECTION('',(0.,0.,-1.));
#3176=DIRECTION('',(-1.,0.,0.));
#3177=DIRECTION('',(0.,0.,1.));
#3178=DIRECTION('',(1.,0.,0.));
#3179=DIRECTION('',(0.,0.,-1.));
#3180=DIRECTION('',(-1.,0.,0.));
#3181=DIRECTION('',(1.,0.,0.));
#3182=DIRECTION('',(0.,-1.,0.));
#3183=DIRECTION('',(-1.,0.,0.));
#3184=DIRECTION('',(0.,-1.,0.));
#3185=DIRECTION('',(-1.,0.,0.));
#3186=DIRECTION('',(0.,1.,0.));
#3187=DIRECTION('',(-1.,0.,0.));
#3188=DIRECTION('',(0.,-1.,0.));
#3189=DIRECTION('',(-1.,0.,0.));
#3190=DIRECTION('',(0.,1.,0.));
#3191=DIRECTION('',(-1.,0.,0.));
#3192=DIRECTION('',(0.,-1.,0.));
#3193=DIRECTION('',(0.,0.,1.));
#3194=DIRECTION('',(1.,0.,0.));
#3195=DIRECTION('',(-1.,0.,0.));
#3196=DIRECTION('',(0.,1.,0.));
#3197=DIRECTION('',(-1.,0.,0.));
#3198=DIRECTION('',(0.,-1.,0.));
#3199=DIRECTION('',(1.,0.,0.));
#3200=DIRECTION('',(0.,1.,0.));
#3201=DIRECTION('',(-1.,0.,0.));
#3202=DIRECTION('',(0.,-1.,0.));
#3203=DIRECTION('',(1.,0.,0.));
#3204=DIRECTION('',(0.,1.,0.));
#3205=DIRECTION('',(-1.,0.,0.));
#3206=DIRECTION('',(0.,1.,0.));
#3207=DIRECTION('',(1.,0.,0.));
#3208=DIRECTION('',(0.,0.,-1.));
#3209=DIRECTION('',(0.,3.54286536678334E-17,1.));
#3210=DIRECTION('',(1.,0.,0.));
#3211=DIRECTION('',(0.,0.,-1.));
#3212=DIRECTION('',(0.,3.38658842189785E-16,-1.));
#3213=DIRECTION('',(0.,0.70710678118655,-0.707106781186545));
#3214=DIRECTION('',(0.,1.,0.));
#3215=DIRECTION('',(0.,0.707106781186548,0.707106781186548));
#3216=DIRECTION('',(0.,0.,1.));
#3217=DIRECTION('',(1.,0.,0.));
#3218=DIRECTION('',(0.,0.,-1.));
#3219=DIRECTION('',(1.,0.,0.));
#3220=DIRECTION('',(0.,0.,-1.));
#3221=DIRECTION('',(0.,3.54286536678334E-17,1.));
#3222=DIRECTION('',(1.,0.,0.));
#3223=DIRECTION('',(0.,0.,-1.));
#3224=DIRECTION('',(0.,0.,1.));
#3225=DIRECTION('',(0.,0.707106781186548,0.707106781186548));
#3226=DIRECTION('',(0.,1.,0.));
#3227=DIRECTION('',(0.,0.70710678118655,-0.707106781186545));
#3228=DIRECTION('',(0.,3.38658842189785E-16,-1.));
#3229=DIRECTION('',(1.,0.,0.));
#3230=DIRECTION('',(0.,0.,-1.));
#3231=DIRECTION('',(-1.,0.,0.));
#3232=DIRECTION('',(0.,0.,1.));
#3233=DIRECTION('',(-1.,0.,0.));
#3234=DIRECTION('',(0.,0.,1.));
#3235=DIRECTION('',(-1.,0.,0.));
#3236=DIRECTION('',(-1.,0.,0.));
#3237=DIRECTION('',(0.,0.,1.));
#3238=DIRECTION('',(1.,0.,0.));
#3239=DIRECTION('',(0.,0.,-1.));
#3240=DIRECTION('',(-1.,0.,0.));
#3241=DIRECTION('',(0.,0.,1.));
#3242=DIRECTION('',(-1.,0.,0.));
#3243=DIRECTION('',(-1.,0.,0.));
#3244=DIRECTION('',(0.,0.,1.));
#3245=DIRECTION('',(1.,0.,0.));
#3246=DIRECTION('',(0.,0.,-1.));
#3247=DIRECTION('',(-1.,0.,0.));
#3248=DIRECTION('',(0.,1.,3.38658842189785E-16));
#3249=DIRECTION('',(0.,-3.38658842189785E-16,1.));
#3250=DIRECTION('',(0.,-3.38658842189785E-16,1.));
#3251=DIRECTION('',(-1.,0.,0.));
#3252=DIRECTION('',(0.,1.,3.38658842189785E-16));
#3253=DIRECTION('',(0.,-3.38658842189785E-16,1.));
#3254=DIRECTION('',(0.,3.38658842189785E-16,-1.));
#3255=DIRECTION('',(0.,-3.38658842189785E-16,1.));
#3256=DIRECTION('',(-1.,0.,0.));
#3257=DIRECTION('',(0.,1.,3.38658842189785E-16));
#3258=DIRECTION('',(0.,-3.38658842189785E-16,1.));
#3259=DIRECTION('',(0.,3.38658842189785E-16,-1.));
#3260=DIRECTION('',(-1.,0.,0.));
#3261=DIRECTION('',(0.,0.707106781186545,0.70710678118655));
#3262=DIRECTION('',(0.,-0.70710678118655,0.707106781186545));
#3263=DIRECTION('',(0.,-0.70710678118655,0.707106781186545));
#3264=DIRECTION('',(-1.,0.,0.));
#3265=DIRECTION('',(0.,0.707106781186545,0.70710678118655));
#3266=DIRECTION('',(0.,-0.70710678118655,0.707106781186545));
#3267=DIRECTION('',(0.,0.70710678118655,-0.707106781186545));
#3268=DIRECTION('',(0.,-0.70710678118655,0.707106781186545));
#3269=DIRECTION('',(-1.,0.,0.));
#3270=DIRECTION('',(0.,0.707106781186545,0.70710678118655));
#3271=DIRECTION('',(0.,-0.70710678118655,0.707106781186545));
#3272=DIRECTION('',(0.,0.70710678118655,-0.707106781186545));
#3273=DIRECTION('',(-1.,0.,0.));
#3274=DIRECTION('',(0.,0.,1.));
#3275=DIRECTION('',(1.,0.,0.));
#3276=DIRECTION('',(0.,1.,0.));
#3277=DIRECTION('',(-1.,0.,0.));
#3278=DIRECTION('',(0.,0.,1.));
#3279=DIRECTION('',(1.,0.,0.));
#3280=DIRECTION('',(0.,-1.,0.));
#3281=DIRECTION('',(0.,1.,0.));
#3282=DIRECTION('',(-1.,0.,0.));
#3283=DIRECTION('',(0.,0.,1.));
#3284=DIRECTION('',(1.,0.,0.));
#3285=DIRECTION('',(0.,-1.,0.));
#3286=DIRECTION('',(-1.,0.,0.));
#3287=DIRECTION('',(0.,-0.707106781186548,0.707106781186548));
#3288=DIRECTION('',(0.,-0.707106781186548,-0.707106781186548));
#3289=DIRECTION('',(0.,-0.707106781186548,-0.707106781186548));
#3290=DIRECTION('',(-1.,0.,0.));
#3291=DIRECTION('',(0.,-0.707106781186548,0.707106781186548));
#3292=DIRECTION('',(0.,-0.707106781186548,-0.707106781186548));
#3293=DIRECTION('',(0.,0.707106781186548,0.707106781186548));
#3294=DIRECTION('',(0.,-0.707106781186548,-0.707106781186548));
#3295=DIRECTION('',(-1.,0.,0.));
#3296=DIRECTION('',(0.,-0.707106781186548,0.707106781186548));
#3297=DIRECTION('',(0.,-0.707106781186548,-0.707106781186548));
#3298=DIRECTION('',(0.,0.707106781186548,0.707106781186548));
#3299=DIRECTION('',(-1.,0.,0.));
#3300=DIRECTION('',(0.,-1.,0.));
#3301=DIRECTION('',(0.,0.,-1.));
#3302=DIRECTION('',(0.,0.,-1.));
#3303=DIRECTION('',(-1.,0.,0.));
#3304=DIRECTION('',(0.,-1.,0.));
#3305=DIRECTION('',(0.,0.,-1.));
#3306=DIRECTION('',(0.,0.,1.));
#3307=DIRECTION('',(0.,0.,-1.));
#3308=DIRECTION('',(-1.,0.,0.));
#3309=DIRECTION('',(0.,-1.,0.));
#3310=DIRECTION('',(0.,0.,-1.));
#3311=DIRECTION('',(0.,0.,1.));
#3312=DIRECTION('',(-1.,0.,0.));
#3313=DIRECTION('',(-1.,0.,0.));
#3314=DIRECTION('',(0.,0.,1.));
#3315=DIRECTION('',(-1.,0.,0.));
#3316=DIRECTION('',(0.,0.,1.));
#3317=DIRECTION('',(-1.,0.,0.));
#3318=DIRECTION('',(0.,0.,1.));
#3319=DIRECTION('',(1.,0.,0.));
#3320=DIRECTION('',(0.,0.,-1.));
#3321=DIRECTION('',(-1.,0.,0.));
#3322=DIRECTION('',(0.,0.,1.));
#3323=DIRECTION('',(-1.,0.,0.));
#3324=DIRECTION('',(0.,0.,1.));
#3325=DIRECTION('',(1.,0.,0.));
#3326=DIRECTION('',(0.,0.,-1.));
#3327=DIRECTION('',(1.,0.,0.));
#3328=DIRECTION('',(0.,0.,-1.));
#3329=DIRECTION('',(0.,0.,-1.));
#3330=DIRECTION('',(0.,-1.,0.));
#3331=DIRECTION('',(0.,0.,-1.));
#3332=DIRECTION('',(0.,0.,-1.));
#3333=DIRECTION('',(-1.,0.,0.));
#3334=DIRECTION('',(0.,0.,1.));
#3335=DIRECTION('',(-1.,0.,0.));
#3336=DIRECTION('',(0.,0.,1.));
#3337=DIRECTION('',(0.,0.,-1.));
#3338=DIRECTION('',(0.,-1.,0.));
#3339=DIRECTION('',(0.,0.,-1.));
#3340=DIRECTION('',(0.,0.,-1.));
#3341=DIRECTION('',(1.,0.,0.));
#3342=DIRECTION('',(0.,0.,-1.));
#3343=DIRECTION('',(0.,1.,-3.54286536678334E-17));
#3344=DIRECTION('',(0.,3.54286536678334E-17,1.));
#3345=DIRECTION('',(0.,0.,1.));
#3346=DIRECTION('',(1.,0.,0.));
#3347=DIRECTION('',(0.,0.,-1.));
#3348=DIRECTION('',(-1.,0.,0.));
#3349=DIRECTION('',(-1.,0.,0.));
#3350=DIRECTION('',(0.,-1.,0.));
#3351=DIRECTION('',(-1.,0.,0.));
#3352=DIRECTION('',(0.,1.,0.));
#3353=DIRECTION('',(1.,0.,0.));
#3354=DIRECTION('',(0.,-1.,0.));
#3355=DIRECTION('',(-1.,0.,0.));
#3356=DIRECTION('',(0.,1.,0.));
#3357=DIRECTION('',(1.,0.,0.));
#3358=DIRECTION('',(0.,-1.,0.));
#3359=DIRECTION('',(-1.,0.,0.));
#3360=DIRECTION('',(0.,-1.,0.));
#3361=DIRECTION('',(0.,0.,1.));
#3362=DIRECTION('',(1.,0.,0.));
#3363=DIRECTION('',(1.,0.,0.));
#3364=DIRECTION('',(0.,1.,0.));
#3365=DIRECTION('',(-1.,0.,0.));
#3366=DIRECTION('',(0.,1.,0.));
#3367=DIRECTION('',(-1.,0.,0.));
#3368=DIRECTION('',(0.,-1.,0.));
#3369=DIRECTION('',(-1.,0.,0.));
#3370=DIRECTION('',(0.,1.,0.));
#3371=DIRECTION('',(-1.,0.,0.));
#3372=DIRECTION('',(0.,-1.,0.));
#3373=DIRECTION('',(-1.,0.,0.));
#3374=DIRECTION('',(0.,1.,0.));
#3375=DIRECTION('',(1.,0.,0.));
#3376=DIRECTION('',(0.,0.,-1.));
#3377=DIRECTION('',(0.,3.54286536678334E-17,-1.));
#3378=DIRECTION('',(0.,0.707106781186546,0.707106781186549));
#3379=DIRECTION('',(0.,0.,1.));
#3380=DIRECTION('',(0.,-0.707106781186546,0.707106781186549));
#3381=DIRECTION('',(1.,0.,0.));
#3382=DIRECTION('',(0.,0.,-1.));
#3383=DIRECTION('',(0.,3.54286536678334E-17,-1.));
#3384=DIRECTION('',(0.,-0.707106781186546,0.707106781186549));
#3385=DIRECTION('',(0.,0.,1.));
#3386=DIRECTION('',(0.,0.707106781186546,0.707106781186549));
#3387=DIRECTION('',(0.,-0.707106781186549,0.707106781186546));
#3388=DIRECTION('',(0.,-0.707106781186546,-0.707106781186549));
#3389=DIRECTION('',(0.,0.707106781186546,0.707106781186549));
#3390=DIRECTION('',(-1.,0.,0.));
#3391=DIRECTION('',(0.,-0.707106781186549,0.707106781186546));
#3392=DIRECTION('',(0.,-0.707106781186546,-0.707106781186549));
#3393=DIRECTION('',(0.,-0.707106781186546,-0.707106781186549));
#3394=DIRECTION('',(-1.,0.,0.));
#3395=DIRECTION('',(0.,0.707106781186546,0.707106781186549));
#3396=DIRECTION('',(0.,-0.707106781186549,0.707106781186546));
#3397=DIRECTION('',(0.,-0.707106781186546,-0.707106781186549));
#3398=DIRECTION('',(0.,-0.707106781186546,-0.707106781186549));
#3399=DIRECTION('',(-1.,0.,0.));
#3400=DIRECTION('',(0.,-1.,0.));
#3401=DIRECTION('',(0.,0.,-1.));
#3402=DIRECTION('',(0.,0.,1.));
#3403=DIRECTION('',(-1.,0.,0.));
#3404=DIRECTION('',(0.,-1.,0.));
#3405=DIRECTION('',(0.,0.,-1.));
#3406=DIRECTION('',(0.,0.,-1.));
#3407=DIRECTION('',(-1.,0.,0.));
#3408=DIRECTION('',(0.,0.,1.));
#3409=DIRECTION('',(0.,-1.,0.));
#3410=DIRECTION('',(0.,0.,-1.));
#3411=DIRECTION('',(0.,0.,-1.));
#3412=DIRECTION('',(-1.,0.,0.));
#3413=DIRECTION('',(0.,-0.707106781186549,-0.707106781186546));
#3414=DIRECTION('',(0.,0.707106781186546,-0.707106781186549));
#3415=DIRECTION('',(0.,-0.707106781186546,0.707106781186549));
#3416=DIRECTION('',(0.,-0.707106781186549,-0.707106781186546));
#3417=DIRECTION('',(0.,0.707106781186546,-0.707106781186549));
#3418=DIRECTION('',(0.,0.707106781186546,-0.707106781186549));
#3419=DIRECTION('',(0.,-0.707106781186546,0.707106781186549));
#3420=DIRECTION('',(0.,-0.707106781186549,-0.707106781186546));
#3421=DIRECTION('',(0.,0.707106781186546,-0.707106781186549));
#3422=DIRECTION('',(0.,0.707106781186546,-0.707106781186549));
#3423=DIRECTION('',(-1.,0.,0.));
#3424=DIRECTION('',(0.,0.,1.));
#3425=DIRECTION('',(0.,0.,-1.));
#3426=DIRECTION('',(1.,0.,0.));
#3427=DIRECTION('',(0.,0.,-1.));
#3428=DIRECTION('',(0.,0.,-1.));
#3429=DIRECTION('',(0.,1.,0.));
#3430=DIRECTION('',(0.,0.,1.));
#3431=DIRECTION('',(0.,1.,0.));
#3432=DIRECTION('',(0.,0.,1.));
#3433=DIRECTION('',(0.,0.,-1.));
#3434=DIRECTION('',(0.,0.,-1.));
#3435=DIRECTION('',(1.,0.,0.));
#3436=DIRECTION('',(0.,0.,-1.));
#3437=DIRECTION('',(-1.,0.,0.));
#3438=DIRECTION('',(0.,0.,1.));
#3439=DIRECTION('',(0.,-1.,-3.54286536678334E-17));
#3440=DIRECTION('',(0.,3.54286536678334E-17,-1.));
#3441=DIRECTION('',(0.,0.,1.));
#3442=DIRECTION('',(1.,0.,0.));
#3443=CARTESIAN_POINT('',(0.,0.,0.));
#3444=CARTESIAN_POINT('',(0.18,0.32,-0.12));
#3445=CARTESIAN_POINT('',(0.04495,0.32,0.0549));
#3446=CARTESIAN_POINT('',(0.04495,0.32,-0.04));
#3447=CARTESIAN_POINT('',(0.04495,0.32,-0.055));
#3448=CARTESIAN_POINT('',(0.07,0.32,-0.04));
#3449=CARTESIAN_POINT('',(0.05505,0.32,-0.04));
#3450=CARTESIAN_POINT('',(0.05505,0.32,-0.055));
#3451=CARTESIAN_POINT('',(0.05505,0.32,-0.055));
#3452=CARTESIAN_POINT('',(0.14495,0.32,-0.055));
#3453=CARTESIAN_POINT('',(0.14495,0.32,-0.055));
#3454=CARTESIAN_POINT('',(0.14495,0.32,0.0549));
#3455=CARTESIAN_POINT('',(0.14495,0.32,0.0549));
#3456=CARTESIAN_POINT('',(0.05505,0.32,0.0549));
#3457=CARTESIAN_POINT('',(0.05505,0.32,0.0549));
#3458=CARTESIAN_POINT('',(0.05505,0.32,-0.055));
#3459=CARTESIAN_POINT('',(0.05505,0.32,0.));
#3460=CARTESIAN_POINT('',(0.03,0.32,0.));
#3461=CARTESIAN_POINT('',(0.04495,0.32,0.));
#3462=CARTESIAN_POINT('',(0.04495,0.32,0.0549));
#3463=CARTESIAN_POINT('',(0.04495,0.32,0.0549));
#3464=CARTESIAN_POINT('',(-0.04495,0.32,0.0549));
#3465=CARTESIAN_POINT('',(-0.04495,0.32,0.0549));
#3466=CARTESIAN_POINT('',(-0.04495,0.32,-0.055));
#3467=CARTESIAN_POINT('',(-0.04495,0.32,0.));
#3468=CARTESIAN_POINT('',(-0.07,0.32,0.));
#3469=CARTESIAN_POINT('',(-0.05505,0.32,0.));
#3470=CARTESIAN_POINT('',(-0.05505,0.32,0.055));
#3471=CARTESIAN_POINT('',(-0.05505,0.32,0.055));
#3472=CARTESIAN_POINT('',(-0.14495,0.32,0.055));
#3473=CARTESIAN_POINT('',(-0.14495,0.32,0.055));
#3474=CARTESIAN_POINT('',(-0.14495,0.32,-0.0549));
#3475=CARTESIAN_POINT('',(-0.14495,0.32,-0.0549));
#3476=CARTESIAN_POINT('',(-0.05505,0.32,-0.0549));
#3477=CARTESIAN_POINT('',(-0.05505,0.32,-0.0549));
#3478=CARTESIAN_POINT('',(-0.05505,0.32,0.055));
#3479=CARTESIAN_POINT('',(-0.05505,0.32,-0.04));
#3480=CARTESIAN_POINT('',(-0.03,0.32,-0.04));
#3481=CARTESIAN_POINT('',(-0.04495,0.32,-0.04));
#3482=CARTESIAN_POINT('',(-0.04495,0.32,-0.055));
#3483=CARTESIAN_POINT('',(-0.04495,0.32,-0.055));
#3484=CARTESIAN_POINT('',(0.04495,0.32,-0.055));
#3485=CARTESIAN_POINT('',(0.185,0.32,0.025));
#3486=CARTESIAN_POINT('',(0.18,0.32,0.025));
#3487=CARTESIAN_POINT('',(0.175,0.32,0.025));
#3488=CARTESIAN_POINT('',(0.18,0.32,-0.12));
#3489=CARTESIAN_POINT('',(0.18,0.32,-0.025));
#3490=CARTESIAN_POINT('',(0.175,0.32,-0.025));
#3491=CARTESIAN_POINT('',(0.175,0.32,-0.025));
#3492=CARTESIAN_POINT('',(0.175,0.32,-0.075));
#3493=CARTESIAN_POINT('',(0.175,0.32,-0.075));
#3494=CARTESIAN_POINT('',(0.19,0.32,-0.075));
#3495=CARTESIAN_POINT('',(0.18,0.32,-0.075));
#3496=CARTESIAN_POINT('',(0.18,0.32,-0.12));
#3497=CARTESIAN_POINT('',(0.18,0.32,-0.12));
#3498=CARTESIAN_POINT('',(0.18,0.32,-0.12));
#3499=CARTESIAN_POINT('',(0.1575,0.32,-0.12));
#3500=CARTESIAN_POINT('',(0.1575,0.32,-0.12));
#3501=CARTESIAN_POINT('',(0.1575,0.32,-0.1));
#3502=CARTESIAN_POINT('',(0.1575,0.32,-0.1));
#3503=CARTESIAN_POINT('',(0.075,0.32,-0.1));
#3504=CARTESIAN_POINT('',(0.075,0.32,-0.1));
#3505=CARTESIAN_POINT('',(0.075,0.32,-0.12));
#3506=CARTESIAN_POINT('',(0.18,0.32,-0.12));
#3507=CARTESIAN_POINT('',(-0.075,0.32,-0.12));
#3508=CARTESIAN_POINT('',(-0.075,0.32,-0.12));
#3509=CARTESIAN_POINT('',(-0.075,0.32,-0.1));
#3510=CARTESIAN_POINT('',(-0.075,0.32,-0.1));
#3511=CARTESIAN_POINT('',(-0.1575,0.32,-0.1));
#3512=CARTESIAN_POINT('',(-0.1575,0.32,-0.1));
#3513=CARTESIAN_POINT('',(-0.1575,0.32,-0.12));
#3514=CARTESIAN_POINT('',(0.18,0.32,-0.12));
#3515=CARTESIAN_POINT('',(-0.18,0.32,-0.12));
#3516=CARTESIAN_POINT('',(-0.18,0.32,-0.12));
#3517=CARTESIAN_POINT('',(-0.18,0.32,0.12));
#3518=CARTESIAN_POINT('',(0.18,0.32,0.12));
#3519=CARTESIAN_POINT('',(-0.1575,0.32,0.12));
#3520=CARTESIAN_POINT('',(-0.1575,0.32,0.12));
#3521=CARTESIAN_POINT('',(-0.1575,0.32,0.1));
#3522=CARTESIAN_POINT('',(-0.1575,0.32,0.1));
#3523=CARTESIAN_POINT('',(-0.05,0.32,0.1));
#3524=CARTESIAN_POINT('',(-0.05,0.32,0.1));
#3525=CARTESIAN_POINT('',(-0.05,0.32,0.105));
#3526=CARTESIAN_POINT('',(0.05,0.32,0.105));
#3527=CARTESIAN_POINT('',(0.05,0.32,0.105));
#3528=CARTESIAN_POINT('',(0.05,0.32,0.1));
#3529=CARTESIAN_POINT('',(0.05,0.32,0.1));
#3530=CARTESIAN_POINT('',(-0.1575,0.32,0.1));
#3531=CARTESIAN_POINT('',(0.1575,0.32,0.1));
#3532=CARTESIAN_POINT('',(0.1575,0.32,0.1));
#3533=CARTESIAN_POINT('',(0.1575,0.32,0.12));
#3534=CARTESIAN_POINT('',(0.18,0.32,0.12));
#3535=CARTESIAN_POINT('',(0.18,0.32,0.12));
#3536=CARTESIAN_POINT('',(0.18,0.32,-0.12));
#3537=CARTESIAN_POINT('',(0.18,0.32,0.0749999999999999));
#3538=CARTESIAN_POINT('',(0.175,0.32,0.075));
#3539=CARTESIAN_POINT('',(0.175,0.32,0.075));
#3540=CARTESIAN_POINT('',(0.175,0.32,0.025));
#3541=CARTESIAN_POINT('',(0.18,0.02,0.09));
#3542=CARTESIAN_POINT('',(0.18,0.02,0.025));
#3543=CARTESIAN_POINT('',(0.175,0.02,0.025));
#3544=CARTESIAN_POINT('',(0.18,0.02,0.025));
#3545=CARTESIAN_POINT('',(0.175,0.02,0.09));
#3546=CARTESIAN_POINT('',(0.175,0.02,0.075));
#3547=CARTESIAN_POINT('',(0.18,0.02,0.075));
#3548=CARTESIAN_POINT('',(0.18,0.02,0.075));
#3549=CARTESIAN_POINT('',(0.18,0.02,0.09));
#3550=CARTESIAN_POINT('',(0.18,0.02,0.09));
#3551=CARTESIAN_POINT('',(0.18,0.02,0.09));
#3552=CARTESIAN_POINT('',(0.1575,0.02,0.09));
#3553=CARTESIAN_POINT('',(0.1575,0.02,0.12));
#3554=CARTESIAN_POINT('',(0.1575,0.02,0.1));
#3555=CARTESIAN_POINT('',(0.18,0.02,0.1));
#3556=CARTESIAN_POINT('',(0.0675,0.02,0.1));
#3557=CARTESIAN_POINT('',(0.0675,0.02,0.12));
#3558=CARTESIAN_POINT('',(0.0675,0.02,0.09));
#3559=CARTESIAN_POINT('',(0.18,0.02,0.09));
#3560=CARTESIAN_POINT('',(0.0325,0.02,0.09));
#3561=CARTESIAN_POINT('',(0.0325,0.02,0.12));
#3562=CARTESIAN_POINT('',(0.0325,0.02,0.1));
#3563=CARTESIAN_POINT('',(0.18,0.02,0.1));
#3564=CARTESIAN_POINT('',(-0.0325,0.02,0.1));
#3565=CARTESIAN_POINT('',(-0.0325,0.02,0.12));
#3566=CARTESIAN_POINT('',(-0.0325,0.02,0.09));
#3567=CARTESIAN_POINT('',(0.18,0.02,0.09));
#3568=CARTESIAN_POINT('',(-0.0675,0.02,0.09));
#3569=CARTESIAN_POINT('',(-0.0675,0.02,0.12));
#3570=CARTESIAN_POINT('',(-0.0675,0.02,0.1));
#3571=CARTESIAN_POINT('',(0.18,0.02,0.1));
#3572=CARTESIAN_POINT('',(-0.1575,0.02,0.1));
#3573=CARTESIAN_POINT('',(-0.1575,0.02,0.12));
#3574=CARTESIAN_POINT('',(-0.1575,0.02,0.09));
#3575=CARTESIAN_POINT('',(0.18,0.02,0.09));
#3576=CARTESIAN_POINT('',(-0.18,0.02,0.09));
#3577=CARTESIAN_POINT('',(-0.18,0.02,0.09));
#3578=CARTESIAN_POINT('',(-0.18,0.02,-0.09));
#3579=CARTESIAN_POINT('',(0.18,0.02,-0.09));
#3580=CARTESIAN_POINT('',(-0.1575,0.02,-0.0899999999999999));
#3581=CARTESIAN_POINT('',(-0.1575,0.02,0.12));
#3582=CARTESIAN_POINT('',(-0.1575,0.02,-0.1));
#3583=CARTESIAN_POINT('',(0.18,0.02,-0.1));
#3584=CARTESIAN_POINT('',(-0.075,0.02,-0.1));
#3585=CARTESIAN_POINT('',(-0.075,0.02,0.09));
#3586=CARTESIAN_POINT('',(-0.075,0.02,-0.12));
#3587=CARTESIAN_POINT('',(-0.0675,0.02,-0.12));
#3588=CARTESIAN_POINT('',(-0.0675,0.02,-0.12));
#3589=CARTESIAN_POINT('',(-0.0675,0.02,0.12));
#3590=CARTESIAN_POINT('',(-0.0675,0.02,-0.0899999999999999));
#3591=CARTESIAN_POINT('',(0.18,0.02,-0.09));
#3592=CARTESIAN_POINT('',(-0.0325,0.02,-0.0899999999999999));
#3593=CARTESIAN_POINT('',(-0.0325,0.02,0.12));
#3594=CARTESIAN_POINT('',(-0.0325,0.02,-0.12));
#3595=CARTESIAN_POINT('',(0.0325,0.02,-0.12));
#3596=CARTESIAN_POINT('',(0.0325,0.02,-0.12));
#3597=CARTESIAN_POINT('',(0.0325,0.02,0.12));
#3598=CARTESIAN_POINT('',(0.0325,0.02,-0.0899999999999999));
#3599=CARTESIAN_POINT('',(0.18,0.02,-0.09));
#3600=CARTESIAN_POINT('',(0.0675,0.02,-0.0899999999999999));
#3601=CARTESIAN_POINT('',(0.0675,0.02,0.12));
#3602=CARTESIAN_POINT('',(0.0675,0.02,-0.12));
#3603=CARTESIAN_POINT('',(0.1575,0.02,-0.12));
#3604=CARTESIAN_POINT('',(0.075,0.02,-0.12));
#3605=CARTESIAN_POINT('',(0.075,0.02,0.09));
#3606=CARTESIAN_POINT('',(0.075,0.02,-0.1));
#3607=CARTESIAN_POINT('',(0.18,0.02,-0.1));
#3608=CARTESIAN_POINT('',(0.1575,0.02,-0.1));
#3609=CARTESIAN_POINT('',(0.1575,0.02,0.12));
#3610=CARTESIAN_POINT('',(0.1575,0.02,-0.0899999999999999));
#3611=CARTESIAN_POINT('',(0.18,0.02,-0.09));
#3612=CARTESIAN_POINT('',(0.18,0.02,-0.09));
#3613=CARTESIAN_POINT('',(0.18,0.02,0.09));
#3614=CARTESIAN_POINT('',(0.18,0.02,-0.075));
#3615=CARTESIAN_POINT('',(0.18,0.02,-0.075));
#3616=CARTESIAN_POINT('',(0.175,0.02,-0.075));
#3617=CARTESIAN_POINT('',(0.175,0.02,0.09));
#3618=CARTESIAN_POINT('',(0.175,0.02,-0.025));
#3619=CARTESIAN_POINT('',(0.18,0.02,-0.025));
#3620=CARTESIAN_POINT('',(0.18,0.02,-0.025));
#3621=CARTESIAN_POINT('',(0.18,0.02,0.09));
#3622=CARTESIAN_POINT('',(0.18,0.,0.));
#3623=CARTESIAN_POINT('',(0.18,0.,0.025));
#3624=CARTESIAN_POINT('',(0.18,0.,-0.025));
#3625=CARTESIAN_POINT('',(0.18,0.,0.));
#3626=CARTESIAN_POINT('',(0.18,0.,0.075));
#3627=CARTESIAN_POINT('',(0.18,0.32,0.12));
#3628=CARTESIAN_POINT('',(0.18,0.,0.12));
#3629=CARTESIAN_POINT('',(0.18,0.,0.12));
#3630=CARTESIAN_POINT('',(0.18,0.,0.09));
#3631=CARTESIAN_POINT('',(0.18,0.,0.09));
#3632=CARTESIAN_POINT('',(0.18,0.,0.));
#3633=CARTESIAN_POINT('',(0.18,0.,-0.075));
#3634=CARTESIAN_POINT('',(0.18,0.02,-0.09));
#3635=CARTESIAN_POINT('',(0.18,0.,-0.09));
#3636=CARTESIAN_POINT('',(0.18,0.,-0.09));
#3637=CARTESIAN_POINT('',(0.18,0.,-0.12));
#3638=CARTESIAN_POINT('',(0.18,0.,-0.12));
#3639=CARTESIAN_POINT('',(0.05505,0.09,-0.055));
#3640=CARTESIAN_POINT('',(0.05505,0.09,-0.04));
#3641=CARTESIAN_POINT('',(0.05505,0.09,-0.04));
#3642=CARTESIAN_POINT('',(0.05505,0.09,-0.055));
#3643=CARTESIAN_POINT('',(0.05505,0.09,-0.055));
#3644=CARTESIAN_POINT('',(0.05505,0.09,-0.055));
#3645=CARTESIAN_POINT('',(0.04495,0.09,0.0549));
#3646=CARTESIAN_POINT('',(0.04495,0.09,0.0549));
#3647=CARTESIAN_POINT('',(0.04495,0.09,-0.04));
#3648=CARTESIAN_POINT('',(0.04495,0.09,-0.055));
#3649=CARTESIAN_POINT('',(0.04495,0.09,-0.04));
#3650=CARTESIAN_POINT('',(0.04495,0.09,-0.055));
#3651=CARTESIAN_POINT('',(-0.05505,0.09,0.055));
#3652=CARTESIAN_POINT('',(-0.05505,0.09,0.055));
#3653=CARTESIAN_POINT('',(-0.05505,0.09,-0.04));
#3654=CARTESIAN_POINT('',(-0.05505,0.09,-0.0549));
#3655=CARTESIAN_POINT('',(-0.05505,0.09,-0.04));
#3656=CARTESIAN_POINT('',(-0.05505,0.09,-0.0549));
#3657=CARTESIAN_POINT('',(-0.04495,0.09,-0.055));
#3658=CARTESIAN_POINT('',(-0.04495,0.09,-0.04));
#3659=CARTESIAN_POINT('',(-0.04495,0.09,-0.04));
#3660=CARTESIAN_POINT('',(-0.04495,0.09,-0.055));
#3661=CARTESIAN_POINT('',(-0.04495,0.09,-0.055));
#3662=CARTESIAN_POINT('',(-0.04495,0.09,-0.055));
#3663=CARTESIAN_POINT('',(0.18,0.32,0.12));
#3664=CARTESIAN_POINT('',(0.1575,-0.02,0.12));
#3665=CARTESIAN_POINT('',(0.1575,0.,0.12));
#3666=CARTESIAN_POINT('',(0.18,0.,0.12));
#3667=CARTESIAN_POINT('',(0.18,0.,-0.12));
#3668=CARTESIAN_POINT('',(-0.1575,0.02,-0.12));
#3669=CARTESIAN_POINT('',(-0.1575,0.,-0.12));
#3670=CARTESIAN_POINT('',(0.18,0.,-0.12));
#3671=CARTESIAN_POINT('',(-0.18,0.,-0.12));
#3672=CARTESIAN_POINT('',(-0.18,0.,-0.12));
#3673=CARTESIAN_POINT('',(0.18,0.,-0.12));
#3674=CARTESIAN_POINT('',(-0.075,0.32,-0.12));
#3675=CARTESIAN_POINT('',(0.075,0.32,-0.12));
#3676=CARTESIAN_POINT('',(0.0675,0.02,-0.12));
#3677=CARTESIAN_POINT('',(0.0675,0.,-0.12));
#3678=CARTESIAN_POINT('',(0.18,0.,-0.12));
#3679=CARTESIAN_POINT('',(0.0325,0.,-0.12));
#3680=CARTESIAN_POINT('',(0.0325,0.,-0.12));
#3681=CARTESIAN_POINT('',(-0.0325,0.02,-0.12));
#3682=CARTESIAN_POINT('',(-0.0325,0.,-0.12));
#3683=CARTESIAN_POINT('',(0.18,0.,-0.12));
#3684=CARTESIAN_POINT('',(-0.0675,0.,-0.12));
#3685=CARTESIAN_POINT('',(-0.0675,0.,-0.12));
#3686=CARTESIAN_POINT('',(0.18,0.32,0.12));
#3687=CARTESIAN_POINT('',(-0.1575,0.02,0.12));
#3688=CARTESIAN_POINT('',(-0.1575,0.,0.12));
#3689=CARTESIAN_POINT('',(-0.18,0.32,0.12));
#3690=CARTESIAN_POINT('',(-0.18,0.,0.12));
#3691=CARTESIAN_POINT('',(0.18,0.,0.12));
#3692=CARTESIAN_POINT('',(0.18,0.,0.12));
#3693=CARTESIAN_POINT('',(-0.0325,0.,0.12));
#3694=CARTESIAN_POINT('',(-0.0325,0.,0.1));
#3695=CARTESIAN_POINT('',(-0.0325,0.,0.09));
#3696=CARTESIAN_POINT('',(-0.1575,0.,0.1));
#3697=CARTESIAN_POINT('',(-0.0675,0.,0.1));
#3698=CARTESIAN_POINT('',(-0.0675,0.,0.12));
#3699=CARTESIAN_POINT('',(-0.0675,0.,0.09));
#3700=CARTESIAN_POINT('',(0.18,0.,0.09));
#3701=CARTESIAN_POINT('',(0.18,0.,0.12));
#3702=CARTESIAN_POINT('',(0.0675,0.,0.12));
#3703=CARTESIAN_POINT('',(0.0675,0.,0.1));
#3704=CARTESIAN_POINT('',(0.0675,0.,0.09));
#3705=CARTESIAN_POINT('',(-0.1575,0.,0.1));
#3706=CARTESIAN_POINT('',(0.0325,0.,0.1));
#3707=CARTESIAN_POINT('',(0.0325,0.,0.12));
#3708=CARTESIAN_POINT('',(0.0325,0.,0.09));
#3709=CARTESIAN_POINT('',(0.18,0.,0.09));
#3710=CARTESIAN_POINT('',(0.18,0.,0.09));
#3711=CARTESIAN_POINT('',(-0.0325,0.,0.09));
#3712=CARTESIAN_POINT('',(-0.0675,0.,0.09));
#3713=CARTESIAN_POINT('',(0.18,0.,0.09));
#3714=CARTESIAN_POINT('',(0.0325,0.,0.09));
#3715=CARTESIAN_POINT('',(0.0675,0.,0.09));
#3716=CARTESIAN_POINT('',(0.18,0.02,-0.09));
#3717=CARTESIAN_POINT('',(-0.0325,0.02,-0.09));
#3718=CARTESIAN_POINT('',(-0.0325,0.,-0.0899999999999999));
#3719=CARTESIAN_POINT('',(-0.0675,0.02,-0.09));
#3720=CARTESIAN_POINT('',(-0.0675,0.,-0.09));
#3721=CARTESIAN_POINT('',(0.18,0.,-0.09));
#3722=CARTESIAN_POINT('',(0.18,0.02,-0.09));
#3723=CARTESIAN_POINT('',(0.0325,0.02,-0.09));
#3724=CARTESIAN_POINT('',(0.0325,0.,-0.0899999999999999));
#3725=CARTESIAN_POINT('',(0.18,0.,-0.09));
#3726=CARTESIAN_POINT('',(0.0675,0.,-0.09));
#3727=CARTESIAN_POINT('',(0.0675,0.02,-0.09));
#3728=CARTESIAN_POINT('',(0.18,0.,-0.09));
#3729=CARTESIAN_POINT('',(-0.0325,0.,0.12));
#3730=CARTESIAN_POINT('',(-0.0675,0.,-0.09));
#3731=CARTESIAN_POINT('',(0.18,0.,-0.09));
#3732=CARTESIAN_POINT('',(0.0325,0.,0.12));
#3733=CARTESIAN_POINT('',(0.0675,0.,-0.09));
#3734=CARTESIAN_POINT('',(0.18,0.,-0.12));
#3735=CARTESIAN_POINT('',(0.1575,-0.02,-0.12));
#3736=CARTESIAN_POINT('',(0.1575,0.,-0.12));
#3737=CARTESIAN_POINT('',(0.18,0.,-0.12));
#3738=CARTESIAN_POINT('',(0.18,0.,0.12));
#3739=CARTESIAN_POINT('',(0.1575,0.,0.12));
#3740=CARTESIAN_POINT('',(0.1575,0.,0.09));
#3741=CARTESIAN_POINT('',(0.18,0.,0.09));
#3742=CARTESIAN_POINT('',(0.18,0.,0.09));
#3743=CARTESIAN_POINT('',(0.1575,0.,0.09));
#3744=CARTESIAN_POINT('',(0.18,0.02,-0.09));
#3745=CARTESIAN_POINT('',(0.1575,0.02,-0.09));
#3746=CARTESIAN_POINT('',(0.1575,0.,-0.09));
#3747=CARTESIAN_POINT('',(0.18,0.,-0.09));
#3748=CARTESIAN_POINT('',(0.18,0.,-0.09));
#3749=CARTESIAN_POINT('',(0.1575,0.,-0.09));
#3750=CARTESIAN_POINT('',(0.18,0.,0.12));
#3751=CARTESIAN_POINT('',(-0.1575,0.,0.12));
#3752=CARTESIAN_POINT('',(-0.1575,0.,0.09));
#3753=CARTESIAN_POINT('',(-0.18,0.,0.12));
#3754=CARTESIAN_POINT('',(-0.18,0.,0.09));
#3755=CARTESIAN_POINT('',(0.18,0.,0.09));
#3756=CARTESIAN_POINT('',(0.18,0.,0.09));
#3757=CARTESIAN_POINT('',(-0.1575,0.,0.09));
#3758=CARTESIAN_POINT('',(-0.18,0.,0.09));
#3759=CARTESIAN_POINT('',(0.18,0.02,-0.09));
#3760=CARTESIAN_POINT('',(-0.1575,0.02,-0.09));
#3761=CARTESIAN_POINT('',(-0.1575,0.,-0.09));
#3762=CARTESIAN_POINT('',(-0.18,0.02,-0.09));
#3763=CARTESIAN_POINT('',(-0.18,0.,-0.09));
#3764=CARTESIAN_POINT('',(0.18,0.,-0.09));
#3765=CARTESIAN_POINT('',(0.18,0.,-0.09));
#3766=CARTESIAN_POINT('',(-0.1575,0.,-0.09));
#3767=CARTESIAN_POINT('',(-0.18,0.,-0.09));
#3768=CARTESIAN_POINT('',(-0.18,0.,0.));
#3769=CARTESIAN_POINT('',(-0.1575,0.02,0.12));
#3770=CARTESIAN_POINT('',(-0.1575,0.32,-0.1));
#3771=CARTESIAN_POINT('',(-0.0675,-0.02,0.12));
#3772=CARTESIAN_POINT('',(-0.1575,0.02,0.12));
#3773=CARTESIAN_POINT('',(-0.1575,0.32,0.1));
#3774=CARTESIAN_POINT('',(-0.0675,-0.02,0.12));
#3775=CARTESIAN_POINT('',(-0.0675,-0.02,0.1));
#3776=CARTESIAN_POINT('',(0.0675,0.02,0.12));
#3777=CARTESIAN_POINT('',(0.1575,-0.02,0.12));
#3778=CARTESIAN_POINT('',(0.1575,0.32,-0.1));
#3779=CARTESIAN_POINT('',(0.0675,0.02,0.12));
#3780=CARTESIAN_POINT('',(0.0675,0.02,0.1));
#3781=CARTESIAN_POINT('',(0.1575,-0.02,0.12));
#3782=CARTESIAN_POINT('',(0.1575,0.32,0.1));
#3783=CARTESIAN_POINT('',(-0.0325,0.02,0.12));
#3784=CARTESIAN_POINT('',(0.0325,0.,0.12));
#3785=CARTESIAN_POINT('',(-0.0325,0.02,0.12));
#3786=CARTESIAN_POINT('',(-0.0325,0.02,0.1));
#3787=CARTESIAN_POINT('',(0.0325,0.,0.12));
#3788=CARTESIAN_POINT('',(0.0325,0.,0.1));
#3789=CARTESIAN_POINT('',(-0.05505,0.09,-0.0549));
#3790=CARTESIAN_POINT('',(-0.14495,0.09,-0.0549));
#3791=CARTESIAN_POINT('',(-0.14495,0.09,-0.0549));
#3792=CARTESIAN_POINT('',(-0.05505,0.09,-0.0549));
#3793=CARTESIAN_POINT('',(-0.14495,0.09,-0.0549));
#3794=CARTESIAN_POINT('',(-0.14495,0.09,0.055));
#3795=CARTESIAN_POINT('',(-0.14495,0.09,0.055));
#3796=CARTESIAN_POINT('',(-0.14495,0.09,-0.0549));
#3797=CARTESIAN_POINT('',(-0.14495,0.09,0.055));
#3798=CARTESIAN_POINT('',(-0.05505,0.09,0.055));
#3799=CARTESIAN_POINT('',(-0.05505,0.09,0.055));
#3800=CARTESIAN_POINT('',(-0.14495,0.09,0.055));
#3801=CARTESIAN_POINT('',(-0.05505,0.09,0.055));
#3802=CARTESIAN_POINT('',(-0.05505,0.09,0.));
#3803=CARTESIAN_POINT('',(-0.05505,0.09,0.));
#3804=CARTESIAN_POINT('',(-0.05505,0.09,0.055));
#3805=CARTESIAN_POINT('',(0.,0.09,0.));
#3806=CARTESIAN_POINT('',(0.07,0.09,-0.04));
#3807=CARTESIAN_POINT('',(0.04495,0.09,-0.055));
#3808=CARTESIAN_POINT('',(-0.03,0.09,-0.04));
#3809=CARTESIAN_POINT('',(-0.07,0.09,0.));
#3810=CARTESIAN_POINT('',(-0.04495,0.09,0.));
#3811=CARTESIAN_POINT('',(-0.04495,0.09,-0.055));
#3812=CARTESIAN_POINT('',(-0.04495,0.09,0.0549));
#3813=CARTESIAN_POINT('',(-0.04495,0.09,0.0549));
#3814=CARTESIAN_POINT('',(0.04495,0.09,0.0549));
#3815=CARTESIAN_POINT('',(0.04495,0.09,0.0549));
#3816=CARTESIAN_POINT('',(0.04495,0.09,0.));
#3817=CARTESIAN_POINT('',(0.03,0.09,0.));
#3818=CARTESIAN_POINT('',(0.05505,0.09,0.));
#3819=CARTESIAN_POINT('',(0.05505,0.09,-0.055));
#3820=CARTESIAN_POINT('',(0.05505,0.09,0.0549));
#3821=CARTESIAN_POINT('',(0.05505,0.09,0.0549));
#3822=CARTESIAN_POINT('',(0.14495,0.09,0.0549));
#3823=CARTESIAN_POINT('',(0.14495,0.09,0.0549));
#3824=CARTESIAN_POINT('',(0.14495,0.09,-0.055));
#3825=CARTESIAN_POINT('',(0.14495,0.09,-0.055));
#3826=CARTESIAN_POINT('',(0.14495,0.09,-0.055));
#3827=CARTESIAN_POINT('',(0.14495,0.09,-0.055));
#3828=CARTESIAN_POINT('',(0.05505,0.09,-0.055));
#3829=CARTESIAN_POINT('',(0.05505,0.09,0.));
#3830=CARTESIAN_POINT('',(0.05505,0.09,0.0549));
#3831=CARTESIAN_POINT('',(0.05505,0.09,0.0549));
#3832=CARTESIAN_POINT('',(0.14495,0.09,0.0549));
#3833=CARTESIAN_POINT('',(0.14495,0.09,0.0549));
#3834=CARTESIAN_POINT('',(0.04495,0.09,-0.055));
#3835=CARTESIAN_POINT('',(-0.04495,0.09,-0.055));
#3836=CARTESIAN_POINT('',(-0.04495,0.09,0.));
#3837=CARTESIAN_POINT('',(-0.04495,0.09,0.0549));
#3838=CARTESIAN_POINT('',(-0.04495,0.09,0.0549));
#3839=CARTESIAN_POINT('',(0.04495,0.09,0.0549));
#3840=CARTESIAN_POINT('',(0.04495,0.09,0.0549));
#3841=CARTESIAN_POINT('',(0.04495,0.09,0.));
#3842=CARTESIAN_POINT('',(-0.1575,0.32,0.1));
#3843=CARTESIAN_POINT('',(0.05,0.233,0.1));
#3844=CARTESIAN_POINT('',(0.05,0.233,0.1));
#3845=CARTESIAN_POINT('',(0.05,0.233,0.1));
#3846=CARTESIAN_POINT('',(-0.05,0.233,0.1));
#3847=CARTESIAN_POINT('',(-0.05,0.233,0.1));
#3848=CARTESIAN_POINT('',(0.1575,0.32,-0.1));
#3849=CARTESIAN_POINT('',(0.075,0.32,-0.1));
#3850=CARTESIAN_POINT('',(0.075,0.32,-0.1));
#3851=CARTESIAN_POINT('',(-0.075,0.32,-0.12));
#3852=CARTESIAN_POINT('',(-0.075,0.32,-0.1));
#3853=CARTESIAN_POINT('',(-0.075,0.32,-0.1));
#3854=CARTESIAN_POINT('',(0.05,0.32,0.105));
#3855=CARTESIAN_POINT('',(-0.05,0.32,0.105));
#3856=CARTESIAN_POINT('',(-0.05,0.245,0.14));
#3857=CARTESIAN_POINT('',(0.05,0.245,0.14));
#3858=CARTESIAN_POINT('',(0.05,0.245,0.14));
#3859=CARTESIAN_POINT('',(0.05,0.32,0.105));
#3860=CARTESIAN_POINT('',(0.05,0.245,0.14));
#3861=CARTESIAN_POINT('',(-0.05,0.245,0.14));
#3862=CARTESIAN_POINT('',(-0.05,0.222,0.14));
#3863=CARTESIAN_POINT('',(0.05,0.222,0.14));
#3864=CARTESIAN_POINT('',(0.05,0.222,0.14));
#3865=CARTESIAN_POINT('',(0.05,0.245,0.14));
#3866=CARTESIAN_POINT('',(0.05,0.222,0.14));
#3867=CARTESIAN_POINT('',(-0.05,0.222,0.14));
#3868=CARTESIAN_POINT('',(-0.05,0.233,0.11));
#3869=CARTESIAN_POINT('',(0.05,0.233,0.11));
#3870=CARTESIAN_POINT('',(0.05,0.233,0.11));
#3871=CARTESIAN_POINT('',(0.05,0.222,0.14));
#3872=CARTESIAN_POINT('',(0.05,0.233,0.11));
#3873=CARTESIAN_POINT('',(-0.05,0.233,0.11));
#3874=CARTESIAN_POINT('',(0.05,0.233,0.11));
#3875=CARTESIAN_POINT('',(0.05,0.,0.));
#3876=CARTESIAN_POINT('',(-0.05,0.,0.));
#3877=CARTESIAN_POINT('',(-0.03,0.09,-0.04));
#3878=CARTESIAN_POINT('',(-0.07,0.09,0.));
#3879=CARTESIAN_POINT('',(0.07,0.09,-0.04));
#3880=CARTESIAN_POINT('',(0.03,0.09,0.));
#3881=CARTESIAN_POINT('',(0.19,0.32,-0.075));
#3882=CARTESIAN_POINT('',(0.175,0.32,-0.075));
#3883=CARTESIAN_POINT('',(0.175,0.32,-0.025));
#3884=CARTESIAN_POINT('',(0.175,0.32,-0.025));
#3885=CARTESIAN_POINT('',(0.175,0.32,-0.075));
#3886=CARTESIAN_POINT('',(0.175,0.32,0.025));
#3887=CARTESIAN_POINT('',(0.175,0.32,0.025));
#3888=CARTESIAN_POINT('',(0.175,0.32,0.075));
#3889=CARTESIAN_POINT('',(0.185,0.32,0.025));
#3890=CARTESIAN_POINT('',(0.175,0.32,0.075));
#3891=CARTESIAN_POINT('',(0.,0.,0.));
#3892=CARTESIAN_POINT('',(0.1125,0.29875,0.0025));
#3893=CARTESIAN_POINT('',(0.1125,0.0500000000000004,0.0025));
#3894=CARTESIAN_POINT('',(-0.1125,0.0500000000000004,0.00250000000000001));
#3895=CARTESIAN_POINT('',(0.1125,0.0500000000000004,0.0025));
#3896=CARTESIAN_POINT('',(-0.1125,0.29875,0.0025));
#3897=CARTESIAN_POINT('',(-0.1125,-0.0225,0.0025));
#3898=CARTESIAN_POINT('',(0.1125,-0.0225,0.0025));
#3899=CARTESIAN_POINT('',(-0.0875,-0.0225,0.0025));
#3900=CARTESIAN_POINT('',(-0.0875,0.29875,0.0025));
#3901=CARTESIAN_POINT('',(-0.0875,0.04,0.00250000000000001));
#3902=CARTESIAN_POINT('',(0.1125,0.04,0.0025));
#3903=CARTESIAN_POINT('',(-0.0125,0.04,0.00250000000000001));
#3904=CARTESIAN_POINT('',(-0.0125,0.29875,0.0025));
#3905=CARTESIAN_POINT('',(-0.0125,-0.0225000000000001,0.0025));
#3906=CARTESIAN_POINT('',(0.1125,-0.0225,0.0025));
#3907=CARTESIAN_POINT('',(0.0125,-0.0225,0.0025));
#3908=CARTESIAN_POINT('',(0.0125,0.29875,0.0025));
#3909=CARTESIAN_POINT('',(0.0125,0.04,0.00250000000000001));
#3910=CARTESIAN_POINT('',(0.1125,0.04,0.0025));
#3911=CARTESIAN_POINT('',(0.0875,0.04,0.00250000000000001));
#3912=CARTESIAN_POINT('',(0.0875,0.29875,0.0025));
#3913=CARTESIAN_POINT('',(0.0875,-0.0225000000000001,0.0025));
#3914=CARTESIAN_POINT('',(0.1125,-0.0225,0.0025));
#3915=CARTESIAN_POINT('',(0.1125,-0.0225,0.0025));
#3916=CARTESIAN_POINT('',(0.1125,0.29875,0.0025));
#3917=CARTESIAN_POINT('',(0.1125,-0.0225,-0.0225));
#3918=CARTESIAN_POINT('',(0.1125,0.0500000000000004,-0.0225));
#3919=CARTESIAN_POINT('',(0.1125,0.0500000000000004,-0.0225));
#3920=CARTESIAN_POINT('',(-0.1125,0.0500000000000004,-0.0225));
#3921=CARTESIAN_POINT('',(0.1125,-0.0225,-0.0225));
#3922=CARTESIAN_POINT('',(0.1125,-0.0225,-0.0225));
#3923=CARTESIAN_POINT('',(0.1125,-0.0225,-0.0225));
#3924=CARTESIAN_POINT('',(0.0875,-0.0225,-0.0225));
#3925=CARTESIAN_POINT('',(0.0875,-0.0225,-0.0225));
#3926=CARTESIAN_POINT('',(0.0875,0.04,-0.0225));
#3927=CARTESIAN_POINT('',(0.1125,0.04,-0.0225));
#3928=CARTESIAN_POINT('',(0.0125,0.04,-0.0225));
#3929=CARTESIAN_POINT('',(0.0125,-0.0225,-0.0225));
#3930=CARTESIAN_POINT('',(0.0125,-0.0225,-0.0225));
#3931=CARTESIAN_POINT('',(0.1125,-0.0225,-0.0225));
#3932=CARTESIAN_POINT('',(-0.0125,-0.0225,-0.0225));
#3933=CARTESIAN_POINT('',(-0.0125,-0.0225,-0.0225));
#3934=CARTESIAN_POINT('',(-0.0125,0.04,-0.0225));
#3935=CARTESIAN_POINT('',(0.1125,0.04,-0.0225));
#3936=CARTESIAN_POINT('',(-0.0875,0.04,-0.0225));
#3937=CARTESIAN_POINT('',(-0.0875,-0.0225,-0.0225));
#3938=CARTESIAN_POINT('',(-0.0875,-0.0225,-0.0225));
#3939=CARTESIAN_POINT('',(0.1125,-0.0225,-0.0225));
#3940=CARTESIAN_POINT('',(-0.1125,-0.0225,-0.0225));
#3941=CARTESIAN_POINT('',(-0.1125,-0.0225,-0.0225));
#3942=CARTESIAN_POINT('',(0.1125,-0.0225000000000001,-0.0475));
#3943=CARTESIAN_POINT('',(0.1125,0.0500000000000004,-0.0475));
#3944=CARTESIAN_POINT('',(0.1125,-0.0225000000000001,-0.0475));
#3945=CARTESIAN_POINT('',(0.1125,-0.0725000000000001,-0.0475));
#3946=CARTESIAN_POINT('',(0.1125,-0.0725000000000001,-0.0475));
#3947=CARTESIAN_POINT('',(0.1125,-0.0725,-0.19875));
#3948=CARTESIAN_POINT('',(0.1125,-0.0725,-0.19875));
#3949=CARTESIAN_POINT('',(0.1125,-0.06625,-0.205));
#3950=CARTESIAN_POINT('',(0.1125,-0.06625,-0.205));
#3951=CARTESIAN_POINT('',(0.1125,-0.05375,-0.205));
#3952=CARTESIAN_POINT('',(0.1125,-0.05375,-0.205));
#3953=CARTESIAN_POINT('',(0.1125,-0.0475,-0.19875));
#3954=CARTESIAN_POINT('',(0.1125,-0.0475,-0.19875));
#3955=CARTESIAN_POINT('',(0.1125,-0.0475,-0.0475));
#3956=CARTESIAN_POINT('',(0.1125,-0.0225,-0.0475));
#3957=CARTESIAN_POINT('',(-0.1125,-0.0225000000000001,-0.0475));
#3958=CARTESIAN_POINT('',(-0.1125,0.0500000000000004,-0.0475));
#3959=CARTESIAN_POINT('',(-0.1125,-0.0225,-0.0475));
#3960=CARTESIAN_POINT('',(-0.1125,-0.0475,-0.0475));
#3961=CARTESIAN_POINT('',(-0.1125,-0.0475,-0.19875));
#3962=CARTESIAN_POINT('',(-0.1125,-0.0475,-0.19875));
#3963=CARTESIAN_POINT('',(-0.1125,-0.05375,-0.205));
#3964=CARTESIAN_POINT('',(-0.1125,-0.05375,-0.205));
#3965=CARTESIAN_POINT('',(-0.1125,-0.06625,-0.205));
#3966=CARTESIAN_POINT('',(-0.1125,-0.06625,-0.205));
#3967=CARTESIAN_POINT('',(-0.1125,-0.0725,-0.19875));
#3968=CARTESIAN_POINT('',(-0.1125,-0.0725,-0.19875));
#3969=CARTESIAN_POINT('',(-0.1125,-0.0725000000000001,-0.0475));
#3970=CARTESIAN_POINT('',(-0.1125,-0.0725000000000001,-0.0475));
#3971=CARTESIAN_POINT('',(-0.1125,-0.0225000000000001,-0.0475));
#3972=CARTESIAN_POINT('',(0.1125,-0.0225000000000001,-0.0475));
#3973=CARTESIAN_POINT('',(0.0875,-0.0225000000000001,-0.0475));
#3974=CARTESIAN_POINT('',(0.0875,-0.0725000000000001,-0.0475));
#3975=CARTESIAN_POINT('',(0.1125,-0.0725000000000001,-0.0475));
#3976=CARTESIAN_POINT('',(0.1125,-0.0225000000000001,-0.0475));
#3977=CARTESIAN_POINT('',(0.0125,-0.0225000000000001,-0.0475));
#3978=CARTESIAN_POINT('',(0.0125,-0.0725000000000001,-0.0475));
#3979=CARTESIAN_POINT('',(-0.0125,-0.0225000000000001,-0.0475));
#3980=CARTESIAN_POINT('',(-0.0125,-0.0725000000000001,-0.0475));
#3981=CARTESIAN_POINT('',(0.1125,-0.0725000000000001,-0.0475));
#3982=CARTESIAN_POINT('',(0.1125,-0.0225000000000001,-0.0475));
#3983=CARTESIAN_POINT('',(-0.0875,-0.0225000000000001,-0.0475));
#3984=CARTESIAN_POINT('',(-0.0875,-0.0725000000000001,-0.0475));
#3985=CARTESIAN_POINT('',(0.1125,-0.0725000000000001,-0.0475));
#3986=CARTESIAN_POINT('',(0.1125,-0.0725000000000001,-0.0475));
#3987=CARTESIAN_POINT('',(0.0875,-0.0725000000000001,-0.0475));
#3988=CARTESIAN_POINT('',(0.0875,-0.0725,-0.19875));
#3989=CARTESIAN_POINT('',(0.1125,-0.0725,-0.19875));
#3990=CARTESIAN_POINT('',(0.1125,-0.0725000000000001,-0.0475));
#3991=CARTESIAN_POINT('',(0.0125,-0.0725000000000001,-0.0475));
#3992=CARTESIAN_POINT('',(0.0125,-0.0725,-0.19875));
#3993=CARTESIAN_POINT('',(-0.0125,-0.0725000000000001,-0.0475));
#3994=CARTESIAN_POINT('',(-0.0125,-0.0725,-0.19875));
#3995=CARTESIAN_POINT('',(0.1125,-0.0725,-0.19875));
#3996=CARTESIAN_POINT('',(0.1125,-0.0725000000000001,-0.0475));
#3997=CARTESIAN_POINT('',(-0.0875,-0.0725000000000001,-0.0475));
#3998=CARTESIAN_POINT('',(-0.0875,-0.0725,-0.19875));
#3999=CARTESIAN_POINT('',(0.1125,-0.0725,-0.19875));
#4000=CARTESIAN_POINT('',(0.1125,-0.0725,-0.19875));
#4001=CARTESIAN_POINT('',(0.0875,-0.0725,-0.19875));
#4002=CARTESIAN_POINT('',(0.0875,-0.06625,-0.205));
#4003=CARTESIAN_POINT('',(0.1125,-0.06625,-0.205));
#4004=CARTESIAN_POINT('',(0.1125,-0.0725,-0.19875));
#4005=CARTESIAN_POINT('',(0.0125,-0.0725,-0.19875));
#4006=CARTESIAN_POINT('',(0.0125,-0.0662499999999999,-0.205));
#4007=CARTESIAN_POINT('',(-0.0125,-0.0725,-0.19875));
#4008=CARTESIAN_POINT('',(-0.0125,-0.06625,-0.205));
#4009=CARTESIAN_POINT('',(0.1125,-0.06625,-0.205));
#4010=CARTESIAN_POINT('',(0.1125,-0.0725,-0.19875));
#4011=CARTESIAN_POINT('',(-0.0875,-0.0725,-0.19875));
#4012=CARTESIAN_POINT('',(-0.0875,-0.0662499999999999,-0.205));
#4013=CARTESIAN_POINT('',(0.1125,-0.06625,-0.205));
#4014=CARTESIAN_POINT('',(0.1125,-0.06625,-0.205));
#4015=CARTESIAN_POINT('',(0.0875,-0.2,-0.205));
#4016=CARTESIAN_POINT('',(0.0875,-0.05375,-0.205));
#4017=CARTESIAN_POINT('',(0.1125,-0.05375,-0.205));
#4018=CARTESIAN_POINT('',(0.1125,-0.06625,-0.205));
#4019=CARTESIAN_POINT('',(0.0125,0.04,-0.205));
#4020=CARTESIAN_POINT('',(0.0125,-0.05375,-0.205));
#4021=CARTESIAN_POINT('',(-0.0125,-0.2,-0.205));
#4022=CARTESIAN_POINT('',(-0.0125,-0.05375,-0.205));
#4023=CARTESIAN_POINT('',(0.1125,-0.05375,-0.205));
#4024=CARTESIAN_POINT('',(0.1125,-0.06625,-0.205));
#4025=CARTESIAN_POINT('',(-0.0875,0.04,-0.205));
#4026=CARTESIAN_POINT('',(-0.0875,-0.05375,-0.205));
#4027=CARTESIAN_POINT('',(0.1125,-0.05375,-0.205));
#4028=CARTESIAN_POINT('',(0.1125,-0.05375,-0.205));
#4029=CARTESIAN_POINT('',(0.0875,-0.05375,-0.205));
#4030=CARTESIAN_POINT('',(0.0875,-0.0475,-0.19875));
#4031=CARTESIAN_POINT('',(0.1125,-0.0475,-0.19875));
#4032=CARTESIAN_POINT('',(0.1125,-0.05375,-0.205));
#4033=CARTESIAN_POINT('',(0.0125,-0.05375,-0.205));
#4034=CARTESIAN_POINT('',(0.0125,-0.0475,-0.19875));
#4035=CARTESIAN_POINT('',(-0.0125,-0.05375,-0.205));
#4036=CARTESIAN_POINT('',(-0.0125,-0.0475,-0.19875));
#4037=CARTESIAN_POINT('',(0.1125,-0.0475,-0.19875));
#4038=CARTESIAN_POINT('',(0.1125,-0.05375,-0.205));
#4039=CARTESIAN_POINT('',(-0.0875,-0.05375,-0.205));
#4040=CARTESIAN_POINT('',(-0.0875,-0.0475,-0.19875));
#4041=CARTESIAN_POINT('',(0.1125,-0.0475,-0.19875));
#4042=CARTESIAN_POINT('',(0.1125,-0.0475,-0.19875));
#4043=CARTESIAN_POINT('',(0.0875,-0.0475,-0.19875));
#4044=CARTESIAN_POINT('',(0.0875,-0.0475,-0.0475));
#4045=CARTESIAN_POINT('',(0.1125,-0.0475,-0.0475));
#4046=CARTESIAN_POINT('',(0.1125,-0.0475,-0.19875));
#4047=CARTESIAN_POINT('',(0.0125,-0.0475,-0.19875));
#4048=CARTESIAN_POINT('',(0.0125,-0.0475,-0.0475));
#4049=CARTESIAN_POINT('',(-0.0125,-0.0475,-0.19875));
#4050=CARTESIAN_POINT('',(-0.0125,-0.0475,-0.0475));
#4051=CARTESIAN_POINT('',(0.1125,-0.0475,-0.0475));
#4052=CARTESIAN_POINT('',(0.1125,-0.0475,-0.19875));
#4053=CARTESIAN_POINT('',(-0.0875,-0.0475,-0.19875));
#4054=CARTESIAN_POINT('',(-0.0875,-0.0475,-0.0475));
#4055=CARTESIAN_POINT('',(0.1125,-0.0475,-0.0475));
#4056=CARTESIAN_POINT('',(0.1125,-0.0225,-0.0475));
#4057=CARTESIAN_POINT('',(0.0875,-0.0225,-0.0475));
#4058=CARTESIAN_POINT('',(0.1125,-0.0225,-0.0475));
#4059=CARTESIAN_POINT('',(0.0125,-0.0225,-0.0475));
#4060=CARTESIAN_POINT('',(-0.0125,-0.0225,-0.0475));
#4061=CARTESIAN_POINT('',(0.1125,-0.0225,-0.0475));
#4062=CARTESIAN_POINT('',(-0.0875,-0.0225,-0.0475));
#4063=CARTESIAN_POINT('',(-0.0875,0.04,0.12));
#4064=CARTESIAN_POINT('',(-0.0875,0.04,0.12));
#4065=CARTESIAN_POINT('',(-0.0125,0.04,0.12));
#4066=CARTESIAN_POINT('',(-0.0125,0.04,0.12));
#4067=CARTESIAN_POINT('',(-0.0125,-0.2,0.12));
#4068=CARTESIAN_POINT('',(0.0875,-0.2,0.12));
#4069=CARTESIAN_POINT('',(0.0875,0.04,0.12));
#4070=CARTESIAN_POINT('',(0.0875,0.04,0.12));
#4071=CARTESIAN_POINT('',(0.0125,0.04,0.12));
#4072=CARTESIAN_POINT('',(0.0125,0.04,0.12));
#4073=CARTESIAN_POINT('',(0.225,0.0500000000000007,10.));
#4074=CARTESIAN_POINT('',(0.,0.,0.));
#4075=CARTESIAN_POINT('',(0.1125,0.29875,0.0025));
#4076=CARTESIAN_POINT('',(0.1125,0.0500000000000004,0.0025));
#4077=CARTESIAN_POINT('',(0.1125,0.0500000000000004,0.0025));
#4078=CARTESIAN_POINT('',(-0.1125,0.0500000000000004,0.0025));
#4079=CARTESIAN_POINT('',(0.1125,0.29875,0.0025));
#4080=CARTESIAN_POINT('',(0.1125,0.29875,0.0025));
#4081=CARTESIAN_POINT('',(0.1125,0.29875,0.0025));
#4082=CARTESIAN_POINT('',(0.0875,0.29875,0.0025));
#4083=CARTESIAN_POINT('',(0.0875,0.29875,0.0025));
#4084=CARTESIAN_POINT('',(0.0875,0.06,0.00250000000000004));
#4085=CARTESIAN_POINT('',(0.1125,0.06,0.0025));
#4086=CARTESIAN_POINT('',(0.0125,0.06,0.00250000000000004));
#4087=CARTESIAN_POINT('',(0.0125,0.29875,0.0025));
#4088=CARTESIAN_POINT('',(0.0125,0.29875,0.00249999999999999));
#4089=CARTESIAN_POINT('',(0.1125,0.29875,0.0025));
#4090=CARTESIAN_POINT('',(-0.0124999999999999,0.29875,0.0025));
#4091=CARTESIAN_POINT('',(-0.0124999999999999,0.29875,0.0025));
#4092=CARTESIAN_POINT('',(-0.0124999999999999,0.06,0.00250000000000004));
#4093=CARTESIAN_POINT('',(0.1125,0.06,0.0025));
#4094=CARTESIAN_POINT('',(-0.0875,0.06,0.00250000000000004));
#4095=CARTESIAN_POINT('',(-0.0875,0.29875,0.0025));
#4096=CARTESIAN_POINT('',(-0.0875,0.29875,0.00249999999999999));
#4097=CARTESIAN_POINT('',(0.1125,0.29875,0.0025));
#4098=CARTESIAN_POINT('',(-0.1125,0.29875,0.0025));
#4099=CARTESIAN_POINT('',(-0.1125,0.29875,0.0025));
#4100=CARTESIAN_POINT('',(0.1125,-0.0225,-0.0225));
#4101=CARTESIAN_POINT('',(0.1125,0.0500000000000004,-0.0225));
#4102=CARTESIAN_POINT('',(-0.1125,0.0500000000000004,-0.0225));
#4103=CARTESIAN_POINT('',(0.1125,0.0500000000000004,-0.0225));
#4104=CARTESIAN_POINT('',(-0.1125,-0.0225,-0.0225));
#4105=CARTESIAN_POINT('',(-0.1125,0.29875,-0.0225));
#4106=CARTESIAN_POINT('',(0.1125,0.29875,-0.0225));
#4107=CARTESIAN_POINT('',(-0.0875,0.29875,-0.0225));
#4108=CARTESIAN_POINT('',(-0.0875,-0.0225,-0.0225));
#4109=CARTESIAN_POINT('',(-0.0875,0.06,-0.0225));
#4110=CARTESIAN_POINT('',(0.1125,0.06,-0.0225));
#4111=CARTESIAN_POINT('',(-0.0124999999999999,0.06,-0.0225));
#4112=CARTESIAN_POINT('',(-0.0124999999999999,-0.0225,-0.0225));
#4113=CARTESIAN_POINT('',(-0.0124999999999999,0.29875,-0.0225));
#4114=CARTESIAN_POINT('',(0.1125,0.29875,-0.0225));
#4115=CARTESIAN_POINT('',(0.0125,0.29875,-0.0225));
#4116=CARTESIAN_POINT('',(0.0125,-0.0225,-0.0225));
#4117=CARTESIAN_POINT('',(0.0125,0.06,-0.0225));
#4118=CARTESIAN_POINT('',(0.1125,0.06,-0.0225));
#4119=CARTESIAN_POINT('',(0.0875,0.06,-0.0225));
#4120=CARTESIAN_POINT('',(0.0875,-0.0225,-0.0225));
#4121=CARTESIAN_POINT('',(0.0875,0.29875,-0.0225));
#4122=CARTESIAN_POINT('',(0.1125,0.29875,-0.0225));
#4123=CARTESIAN_POINT('',(0.1125,0.29875,-0.0225));
#4124=CARTESIAN_POINT('',(0.1125,-0.0225,-0.0225));
#4125=CARTESIAN_POINT('',(0.1125,-0.0225000000000001,-0.0475));
#4126=CARTESIAN_POINT('',(0.1125,0.0500000000000004,-0.0475));
#4127=CARTESIAN_POINT('',(0.1125,0.29875,-0.0225));
#4128=CARTESIAN_POINT('',(0.1125,0.305,-0.01625));
#4129=CARTESIAN_POINT('',(0.1125,0.305,-0.01625));
#4130=CARTESIAN_POINT('',(0.1125,0.305,-0.00375));
#4131=CARTESIAN_POINT('',(0.1125,0.305,-0.00375));
#4132=CARTESIAN_POINT('',(-0.1125,-0.0225000000000001,-0.0475));
#4133=CARTESIAN_POINT('',(-0.1125,0.0500000000000004,-0.0475));
#4134=CARTESIAN_POINT('',(-0.1125,0.305,-0.00375));
#4135=CARTESIAN_POINT('',(-0.1125,0.305,-0.00375));
#4136=CARTESIAN_POINT('',(-0.1125,0.305,-0.01625));
#4137=CARTESIAN_POINT('',(-0.1125,0.305,-0.01625));
#4138=CARTESIAN_POINT('',(-0.1125,0.29875,-0.0225));
#4139=CARTESIAN_POINT('',(0.1125,0.29875,-0.0225));
#4140=CARTESIAN_POINT('',(-0.0875,0.29875,-0.0225));
#4141=CARTESIAN_POINT('',(-0.0875,0.305,-0.01625));
#4142=CARTESIAN_POINT('',(0.1125,0.305,-0.01625));
#4143=CARTESIAN_POINT('',(0.1125,0.29875,-0.0225));
#4144=CARTESIAN_POINT('',(-0.0124999999999999,0.29875,-0.0225));
#4145=CARTESIAN_POINT('',(-0.0124999999999999,0.305,-0.01625));
#4146=CARTESIAN_POINT('',(0.1125,0.305,-0.01625));
#4147=CARTESIAN_POINT('',(0.0125,0.305,-0.01625));
#4148=CARTESIAN_POINT('',(0.0125,0.29875,-0.0225));
#4149=CARTESIAN_POINT('',(0.1125,0.29875,-0.0225));
#4150=CARTESIAN_POINT('',(0.0875,0.29875,-0.0225));
#4151=CARTESIAN_POINT('',(0.0875,0.305,-0.01625));
#4152=CARTESIAN_POINT('',(0.1125,0.305,-0.01625));
#4153=CARTESIAN_POINT('',(0.1125,0.305,-0.01625));
#4154=CARTESIAN_POINT('',(-0.0875,0.305,-0.01625));
#4155=CARTESIAN_POINT('',(-0.0875,0.305,-0.00374999999999999));
#4156=CARTESIAN_POINT('',(0.1125,0.305,-0.00375));
#4157=CARTESIAN_POINT('',(0.1125,0.305,-0.01625));
#4158=CARTESIAN_POINT('',(-0.0124999999999999,0.305,-0.01625));
#4159=CARTESIAN_POINT('',(-0.0124999999999999,0.305,-0.00374999999999999));
#4160=CARTESIAN_POINT('',(0.1125,0.305,-0.00375));
#4161=CARTESIAN_POINT('',(0.0125,0.305,-0.00374999999999999));
#4162=CARTESIAN_POINT('',(0.0125,0.305,-0.01625));
#4163=CARTESIAN_POINT('',(0.1125,0.305,-0.01625));
#4164=CARTESIAN_POINT('',(0.0875,0.305,-0.01625));
#4165=CARTESIAN_POINT('',(0.0875,0.305,-0.00374999999999999));
#4166=CARTESIAN_POINT('',(0.1125,0.305,-0.00375));
#4167=CARTESIAN_POINT('',(0.1125,0.305,-0.00375));
#4168=CARTESIAN_POINT('',(-0.0875,0.305,-0.00375));
#4169=CARTESIAN_POINT('',(0.1125,0.305,-0.00375));
#4170=CARTESIAN_POINT('',(-0.0124999999999999,0.305,-0.00375));
#4171=CARTESIAN_POINT('',(0.0125,0.305,-0.00375));
#4172=CARTESIAN_POINT('',(0.1125,0.305,-0.00375));
#4173=CARTESIAN_POINT('',(0.0875,0.305,-0.00375));
#4174=CARTESIAN_POINT('',(0.0875,0.06,0.12));
#4175=CARTESIAN_POINT('',(0.0875,0.06,0.12));
#4176=CARTESIAN_POINT('',(0.0125,0.325,0.12));
#4177=CARTESIAN_POINT('',(0.0125,0.06,0.12));
#4178=CARTESIAN_POINT('',(0.0125,0.06,0.12));
#4179=CARTESIAN_POINT('',(-0.0875,0.06,0.12));
#4180=CARTESIAN_POINT('',(-0.0124999999999999,0.06,0.12));
#4181=CARTESIAN_POINT('',(-0.0875,0.06,0.12));
#4182=CARTESIAN_POINT('',(-0.0875,0.325,0.12));
#4183=CARTESIAN_POINT('',(-0.0124999999999999,0.06,0.12));
#4184=CARTESIAN_POINT('',(0.225,0.0500000000000007,-10.));
#4185=CARTESIAN_POINT('',(0.,0.,0.));
#4186=MECHANICAL_DESIGN_GEOMETRIC_PRESENTATION_REPRESENTATION('',(#2620,
#2621,#2622),#4187);
#4187=(
GEOMETRIC_REPRESENTATION_CONTEXT(3)
GLOBAL_UNCERTAINTY_ASSIGNED_CONTEXT((#4191))
GLOBAL_UNIT_ASSIGNED_CONTEXT((#4197,#4196,#4195))
REPRESENTATION_CONTEXT('IPL1-103-01-F-S-RA-K','TOP_LEVEL_ASSEMBLY_PART')
);
#4188=(
GEOMETRIC_REPRESENTATION_CONTEXT(3)
GLOBAL_UNCERTAINTY_ASSIGNED_CONTEXT((#4192))
GLOBAL_UNIT_ASSIGNED_CONTEXT((#4197,#4196,#4195))
REPRESENTATION_CONTEXT('IPL1-103-01-S-RA-K_HDR','COMPONENT_PART')
);
#4189=(
GEOMETRIC_REPRESENTATION_CONTEXT(3)
GLOBAL_UNCERTAINTY_ASSIGNED_CONTEXT((#4193))
GLOBAL_UNIT_ASSIGNED_CONTEXT((#4197,#4196,#4195))
REPRESENTATION_CONTEXT('T-1S64-01-03-F-S-RA','COMPONENT_PART')
);
#4190=(
GEOMETRIC_REPRESENTATION_CONTEXT(3)
GLOBAL_UNCERTAINTY_ASSIGNED_CONTEXT((#4194))
GLOBAL_UNIT_ASSIGNED_CONTEXT((#4197,#4196,#4195))
REPRESENTATION_CONTEXT('T-1S64-01-03-F-S-RA2','COMPONENT_PART')
);
#4191=UNCERTAINTY_MEASURE_WITH_UNIT(LENGTH_MEASURE(0.000196850393700787),
#4197,'DISTANCE_ACCURACY_VALUE','Maximum Tolerance applied to model');
#4192=UNCERTAINTY_MEASURE_WITH_UNIT(LENGTH_MEASURE(0.000196850393700787),
#4197,'DISTANCE_ACCURACY_VALUE','Maximum Tolerance applied to model');
#4193=UNCERTAINTY_MEASURE_WITH_UNIT(LENGTH_MEASURE(0.000196850393700787),
#4197,'DISTANCE_ACCURACY_VALUE','Maximum Tolerance applied to model');
#4194=UNCERTAINTY_MEASURE_WITH_UNIT(LENGTH_MEASURE(0.000196850393700787),
#4197,'DISTANCE_ACCURACY_VALUE','Maximum Tolerance applied to model');
#4195=(
NAMED_UNIT(*)
SI_UNIT($,.STERADIAN.)
SOLID_ANGLE_UNIT()
);
#4196=(
NAMED_UNIT(*)
PLANE_ANGLE_UNIT()
SI_UNIT($,.RADIAN.)
);
#4197=(
CONVERSION_BASED_UNIT('INCH',#4199)
LENGTH_UNIT()
NAMED_UNIT(#4198)
);
#4198=DIMENSIONAL_EXPONENTS(1.,0.,0.,0.,0.,0.,0.);
#4199=LENGTH_MEASURE_WITH_UNIT(LENGTH_MEASURE(25.4),#4200);
#4200=(
LENGTH_UNIT()
NAMED_UNIT(*)
SI_UNIT(.MILLI.,.METRE.)
);
#4201=PRODUCT_DEFINITION_SHAPE('','',#4208);
#4202=PRODUCT_DEFINITION_SHAPE('','',#4209);
#4203=PRODUCT_DEFINITION_SHAPE(' ','NAUO PRDDFN',#40);
#4204=PRODUCT_DEFINITION_SHAPE('','',#4210);
#4205=PRODUCT_DEFINITION_SHAPE(' ','NAUO PRDDFN',#41);
#4206=PRODUCT_DEFINITION_SHAPE('','',#4211);
#4207=PRODUCT_DEFINITION_SHAPE(' ','NAUO PRDDFN',#42);
#4208=PRODUCT_DEFINITION('','',#4216,#4212);
#4209=PRODUCT_DEFINITION('','',#4217,#4213);
#4210=PRODUCT_DEFINITION('','',#4218,#4214);
#4211=PRODUCT_DEFINITION('','',#4219,#4215);
#4212=PRODUCT_DEFINITION_CONTEXT('',#4237,'design');
#4213=PRODUCT_DEFINITION_CONTEXT('',#4237,'design');
#4214=PRODUCT_DEFINITION_CONTEXT('',#4237,'design');
#4215=PRODUCT_DEFINITION_CONTEXT('',#4237,'design');
#4216=PRODUCT_DEFINITION_FORMATION_WITH_SPECIFIED_SOURCE('','',#4224,
 .NOT_KNOWN.);
#4217=PRODUCT_DEFINITION_FORMATION_WITH_SPECIFIED_SOURCE('','',#4225,
 .NOT_KNOWN.);
#4218=PRODUCT_DEFINITION_FORMATION_WITH_SPECIFIED_SOURCE('','',#4226,
 .NOT_KNOWN.);
#4219=PRODUCT_DEFINITION_FORMATION_WITH_SPECIFIED_SOURCE('','',#4227,
 .NOT_KNOWN.);
#4220=PRODUCT_RELATED_PRODUCT_CATEGORY('','',(#4224));
#4221=PRODUCT_RELATED_PRODUCT_CATEGORY('','',(#4225));
#4222=PRODUCT_RELATED_PRODUCT_CATEGORY('','',(#4226));
#4223=PRODUCT_RELATED_PRODUCT_CATEGORY('','',(#4227));
#4224=PRODUCT('IPL1-103-01-F-S-RA-K','IPL1-103-01-F-S-RA-K',
'IPL1-103-01-F-S-RA-K',(#4232));
#4225=PRODUCT('IPL1-103-01-S-RA-K_HDR','IPL1-103-01-S-RA-K_HDR',
'IPL1-103-01-S-RA-K_HDR',(#4233));
#4226=PRODUCT('T-1S64-01-03-F-S-RA','T-1S64-01-03-F-S-RA',
'T-1S64-01-03-F-S-RA',(#4234));
#4227=PRODUCT('T-1S64-01-03-F-S-RA2','T-1S64-01-03-F-S-RA2',
'T-1S64-01-03-F-S-RA2',(#4235));
#4228=PRODUCT_CATEGORY('','');
#4229=PRODUCT_CATEGORY('','');
#4230=PRODUCT_CATEGORY('','');
#4231=PRODUCT_CATEGORY('','');
#4232=PRODUCT_CONTEXT('',#4237,'mechanical');
#4233=PRODUCT_CONTEXT('',#4237,'mechanical');
#4234=PRODUCT_CONTEXT('',#4237,'mechanical');
#4235=PRODUCT_CONTEXT('',#4237,'mechanical');
#4236=APPLICATION_PROTOCOL_DEFINITION('international standard',
'automotive_design',2010,#4237);
#4237=APPLICATION_CONTEXT(
'core data for automotive mechanical design processes');
ENDSEC;
END-ISO-10303-21;
